-- phpMyAdmin SQL Dump
-- version 5.1.1
-- https://www.phpmyadmin.net/
--
-- Host: 127.0.0.1
-- Czas generowania: 11 Paź 2021, 20:32
-- Wersja serwera: 10.4.20-MariaDB
-- Wersja PHP: 8.0.9

SET SQL_MODE = "NO_AUTO_VALUE_ON_ZERO";
START TRANSACTION;
SET time_zone = "+00:00";


/*!40101 SET @OLD_CHARACTER_SET_CLIENT=@@CHARACTER_SET_CLIENT */;
/*!40101 SET @OLD_CHARACTER_SET_RESULTS=@@CHARACTER_SET_RESULTS */;
/*!40101 SET @OLD_COLLATION_CONNECTION=@@COLLATION_CONNECTION */;
/*!40101 SET NAMES utf8mb4 */;

--
-- Baza danych: `dane`
--

-- --------------------------------------------------------

--
-- Struktura tabeli dla tabeli `ankieta`
--

CREATE TABLE `ankieta` (
  `Id` int(11) NOT NULL,
  `Nazwisko` varchar(14) DEFAULT NULL,
  `Imie` varchar(10) DEFAULT NULL,
  `Wiek` int(11) DEFAULT NULL,
  `Wyksztalcenie` varchar(13) DEFAULT NULL,
  `Dochod` int(11) DEFAULT NULL,
  `Wojewodztwo` varchar(21) DEFAULT NULL
) ENGINE=InnoDB DEFAULT CHARSET=utf8;

--
-- Zrzut danych tabeli `ankieta`
--

INSERT INTO `ankieta` (`Id`, `Nazwisko`, `Imie`, `Wiek`, `Wyksztalcenie`, `Dochod`, `Wojewodztwo`) VALUES
(1, 'Adamczuk', 'Magdalena', 69, 'wyzsze', 3500, 'Pomorskie'),
(2, 'Adamczyk', 'Urszula', 41, 'wyzsze', 2250, 'Slaskie'),
(3, 'Adamowicz', 'Jakub', 34, 'srednie', 2550, 'Swietokrzyskie'),
(4, 'Anielska', 'Ewelina', 34, 'srednie', 3890, 'Warminsko - Mazurskie'),
(5, 'Antoniuk', 'Izabela', 36, 'wyzsze', 2850, 'Wielkopolskie'),
(6, 'Arciszewski', 'Piotr', 29, 'wyzsze', 2050, 'Zachodniopomorskie'),
(7, 'Awacka', 'Izabela', 58, 'podstawowe', 2550, 'Mazowieckie'),
(8, 'Babul', 'Julia', 33, 'wyzsze', 2200, 'Opolskie'),
(9, 'Baranczuk', 'Adam', 78, 'podstawowe', 2200, 'Podkarpackie'),
(10, 'Bartnik', 'Anna', 46, 'wyzsze', 2200, 'Wielkopolskie'),
(11, 'Bartoszewicz', 'Michal', 76, 'podstawowe', 2550, 'Pomorskie'),
(12, 'Bielecki', 'Grzegorz', 60, 'podstawowe', 2050, 'Slaskie'),
(13, 'Bielonko', 'Sylwia', 74, 'podstawowe', 2270, 'Swietokrzyskie'),
(14, 'Biendzio', 'Ernest', 35, 'srednie', 2730, 'Dolnoslaskie'),
(15, 'Bierylo', 'Sylwia', 33, 'srednie', 2850, 'Kujawsko - Pomorskie'),
(16, 'Bobowik', 'Maria', 61, 'wyzsze', 4200, 'Lubelskie'),
(17, 'Bobrowska', 'Karolina', 63, 'wyzsze', 2730, 'Lubuskie'),
(18, 'Bojanowska', 'Iwona', 46, 'podstawowe', 2900, 'Lodzkie'),
(19, 'Borowska', 'Elzbieta', 79, 'wyzsze', 2550, 'Malopolskie'),
(20, 'Borowska', 'Anna', 57, 'srednie', 3500, 'Malopolskie'),
(21, 'Borowski', 'Adam', 29, 'srednie', 2730, 'Mazowieckie'),
(22, 'Borsztejn', 'Marek', 48, 'srednie', 4200, 'Mazowieckie'),
(23, 'Bruczko', 'Anna', 42, 'wyzsze', 4100, 'Malopolskie'),
(24, 'Bruszewska', 'Izabela', 79, 'wyzsze', 3790, 'Mazowieckie'),
(25, 'Budnik', 'Katarzyna', 41, 'podstawowe', 2450, 'Dolnoslaskie'),
(26, 'Bujda', 'Malgorzata', 46, 'srednie', 3640, 'Kujawsko - Pomorskie'),
(27, 'Buraczewska', 'Marta', 69, 'wyzsze', 4100, 'Lubelskie'),
(28, 'Busma', 'Sebastian', 61, 'wyzsze', 2450, 'Lubuskie'),
(29, 'Choruzy', 'Iwona', 29, 'srednie', 2900, 'Dolnoslaskie'),
(30, 'Chudecki', 'Wieslaw', 75, 'podstawowe', 2100, 'Warminsko - Mazurskie'),
(31, 'Chudy', 'Piotr', 46, 'podstawowe', 2450, 'Kujawsko - Pomorskie'),
(32, 'Ciereszko', 'Julia', 43, 'wyzsze', 2270, 'Wielkopolskie'),
(33, 'Cylwik', 'Magdalena', 71, 'podstawowe', 4250, 'Zachodniopomorskie'),
(34, 'Czajewska', 'Marta', 67, 'srednie', 2450, 'Pomorskie'),
(35, 'Czarnecka', 'Ewelina', 35, 'srednie', 2950, 'Slaskie'),
(36, 'Czuz', 'Urszula', 64, 'podstawowe', 3640, 'Pomorskie'),
(37, 'Danielski', 'Piotr', 48, 'podstawowe', 3640, 'Slaskie'),
(38, 'Dabrowska', 'Ewa', 36, 'podstawowe', 2050, 'Pomorskie'),
(39, 'Deptula', 'Pawel', 29, 'wyzsze', 3378, 'Slaskie'),
(40, 'Dojlidko', 'Anna', 58, 'podstawowe', 2378, 'Pomorskie'),
(41, 'Dymnicka', 'Ewelina', 61, 'podstawowe', 5200, 'Pomorskie'),
(42, 'Dziegielewska', 'Barbara', 79, 'wyzsze', 2000, 'Pomorskie'),
(43, 'Falkowski', 'Tomasz', 42, 'podstawowe', 3000, 'Kujawsko - Pomorskie'),
(44, 'Fiedorowicz', 'Wojciech', 78, 'podstawowe', 1900, 'Lubelskie'),
(45, 'Fiedoruk', 'Krzysztof', 60, 'podstawowe', 2200, 'Lubuskie'),
(46, 'Fiedoruk', 'Grzegorz', 69, 'srednie', 1920, 'Dolnoslaskie'),
(47, 'Frankowski', 'Adrian', 60, 'srednie', 3890, 'Zachodniopomorskie'),
(48, 'Gabinska', 'Karolina', 45, 'podstawowe', 2450, 'Mazowieckie'),
(49, 'Garncarz', 'Zbigniew', 74, 'wyzsze', 2730, 'Opolskie'),
(50, 'Gawkowski', 'Piotr', 67, 'wyzsze', 2920, 'Podkarpackie'),
(51, 'Gasowski', 'lukasz', 48, 'srednie', 2270, 'Wielkopolskie'),
(52, 'Gilewska', 'Dorota', 32, 'wyzsze', 4200, 'Pomorskie'),
(53, 'Glebowicz', 'Kamil', 41, 'srednie', 3910, 'Slaskie'),
(54, 'Glowacka', 'Kamila', 72, 'srednie', 2570, 'Swietokrzyskie'),
(55, 'Gogiel', 'Adrian', 70, 'srednie', 2587, 'Dolnoslaskie'),
(56, 'Golebiewski', 'Michal', 73, 'podstawowe', 3780, 'Kujawsko - Pomorskie'),
(57, 'Gradzki', 'Waclaw', 36, 'srednie', 2100, 'Lubelskie'),
(58, 'Grochowski', 'Adam', 35, 'podstawowe', 3300, 'Lubuskie'),
(59, 'Gruszewicz', 'Magdalena', 42, 'srednie', 2300, 'Lodzkie'),
(60, 'Grygolec', 'Marek', 61, 'podstawowe', 2270, 'Dolnoslaskie'),
(61, 'Haas', 'Mateusz', 39, 'wyzsze', 2850, 'Zachodniopomorskie'),
(62, 'Hajduczenia', 'Katarzyna', 37, 'podstawowe', 2200, 'Mazowieckie'),
(63, 'Hoscilowicz', 'Piotr', 43, 'podstawowe', 2270, 'Dolnoslaskie'),
(64, 'Hryniewicz', 'Anna', 65, 'podstawowe', 4200, 'Zachodniopomorskie'),
(65, 'Hrynkiewicz', 'Agnieszka', 30, 'podstawowe', 1730, 'Mazowieckie'),
(66, 'Instynski', 'Tomasz', 40, 'wyzsze', 1840, 'Dolnoslaskie'),
(67, 'Iwaniuk', 'Anna', 30, 'wyzsze', 2950, 'Zachodniopomorskie'),
(68, 'Iwaszczuk', 'Andrzej', 56, 'srednie', 3640, 'Mazowieckie'),
(69, 'Jakoniuk', 'Agnieszka', 49, 'srednie', 3640, 'Mazowieckie'),
(70, 'Jakubowski', 'lukasz', 38, 'podstawowe', 2920, 'Mazowieckie'),
(71, 'Janasz', 'Michal', 63, 'wyzsze', 2540, 'Mazowieckie'),
(72, 'Jankowska', 'Justyna', 64, 'srednie', 2270, 'Mazowieckie'),
(73, 'Jankowski', 'Marek', 43, 'podstawowe', 2000, 'Mazowieckie'),
(74, 'Jaromin', 'Jacek', 34, 'wyzsze', 2450, 'Dolnoslaskie'),
(75, 'Jaros', 'Anna', 31, 'podstawowe', 3600, 'Zachodniopomorskie'),
(76, 'Jasinski', 'Marcin', 51, 'srednie', 3890, 'Mazowieckie'),
(77, 'Jasiukiewicz', 'Elwira', 29, 'wyzsze', 2250, 'Dolnoslaskie'),
(78, 'Jefimiuk', 'Krzysztof', 49, 'podstawowe', 1640, 'Zachodniopomorskie'),
(79, 'Jezewska', 'Magdalena', 63, 'wyzsze', 5200, 'Mazowieckie'),
(80, 'Juchnicka', 'Emilia', 62, 'podstawowe', 1900, 'Dolnoslaskie'),
(81, 'Jusinski', 'Michal', 60, 'podstawowe', 1740, 'Zachodniopomorskie'),
(82, 'Jusinska', 'Malgorzata', 45, 'podstawowe', 2540, 'Mazowieckie'),
(83, 'Kaczor', 'Urszula', 28, 'wyzsze', 3500, 'Mazowieckie'),
(84, 'Kalata', 'Tomasz', 36, 'wyzsze', 5200, 'Mazowieckie'),
(85, 'Kalinowski', 'Konrad', 73, 'podstawowe', 2850, 'Slaskie'),
(86, 'Kaminska', 'Agnieszka', 55, 'srednie', 2570, 'Swietokrzyskie'),
(87, 'Kanadys', 'Grzegorz', 64, 'srednie', 2920, 'Warminsko - Mazurskie'),
(88, 'Karolko', 'Bartosz', 49, 'srednie', 3740, 'Wielkopolskie'),
(89, 'Karpowicz', 'Marian', 48, 'wyzsze', 2000, 'Zachodniopomorskie'),
(90, 'Karwowska', 'Katarzyna', 72, 'wyzsze', 2000, 'Mazowieckie'),
(91, 'Kazinski', 'Konrad', 49, 'wyzsze', 3000, 'Opolskie'),
(92, 'Kieda', 'Justyna', 43, 'srednie', 2900, 'Podkarpackie'),
(93, 'Kielcz', 'Patrycja', 76, 'podstawowe', 1900, 'Wielkopolskie'),
(94, 'Kimsza', 'Marta', 74, 'srednie', 2940, 'Pomorskie'),
(95, 'Kirejczyk', 'Ewelina', 40, 'podstawowe', 2100, 'Slaskie'),
(96, 'Kirmuc', 'Urszula', 56, 'podstawowe', 1900, 'Swietokrzyskie'),
(97, 'Klimaszewska', 'Klara', 78, 'srednie', 2378, 'Dolnoslaskie'),
(98, 'Kobeszko', 'Maciej', 43, 'wyzsze', 3300, 'Kujawsko - Pomorskie'),
(99, 'Kobeszko', 'Emilia', 55, 'srednie', 1900, 'Lubelskie'),
(100, 'Kochanska', 'Barbara', 71, 'podstawowe', 5200, 'Lubuskie'),
(101, 'Kochanska', 'Magdalena', 76, 'podstawowe', 3780, 'Lodzkie'),
(102, 'Kolota ', 'Marta', 54, 'podstawowe', 5200, 'Malopolskie'),
(103, 'Komar', 'Natalia', 72, 'podstawowe', 2587, 'Mazowieckie'),
(104, 'Komenda', 'Malgorzata', 72, 'wyzsze', 3640, 'Malopolskie'),
(105, 'Kopciewski', 'Magdalena', 49, 'srednie', 5200, 'Mazowieckie'),
(106, 'Korol', 'Maria', 64, 'wyzsze', 1740, 'Malopolskie'),
(107, 'Korolewski', 'Grzegorz', 31, 'srednie', 3910, 'Mazowieckie'),
(108, 'Korzunowicz', 'Piotr', 51, 'srednie', 2100, 'Dolnoslaskie'),
(109, 'Kowalewska', 'Marta', 72, 'podstawowe', 1840, 'Malopolskie'),
(110, 'Kowalewski', 'Adam', 76, 'podstawowe', 2200, 'Mazowieckie'),
(111, 'Kozaczuk', 'Edyta', 48, 'podstawowe', 2540, 'Dolnoslaskie'),
(112, 'Kozlowska', 'Izabela', 39, 'wyzsze', 3740, 'Malopolskie'),
(113, 'Kozlowska', 'Karolina', 77, 'wyzsze', 2100, 'Mazowieckie'),
(114, 'Kozlowski', 'Anatol', 66, 'podstawowe', 2587, 'Dolnoslaskie'),
(115, 'Krasowska', 'Barbara', 32, 'srednie', 2940, 'Kujawsko - Pomorskie'),
(116, 'Krasowska', 'Monika', 56, 'wyzsze', 2730, 'Lubelskie'),
(117, 'Krasnicki', 'Klaudia', 51, 'srednie', 4200, 'Lubuskie'),
(118, 'Kretowska', 'Karolina', 21, 'podstawowe', 4200, 'Lubuskie'),
(119, 'Kruk', 'Agnieszka', 24, 'wyzsze', 5200, 'Lubuskie'),
(120, 'Kruszyniewicz', 'Anna', 23, 'srednie', 1900, 'Kujawsko - Pomorskie'),
(121, 'Krysiewicz', 'Marta', 25, 'wyzsze', 5200, 'Lubelskie'),
(122, 'Kucikowicz', 'Joanna', 27, 'podstawowe', 3780, 'Wielkopolskie'),
(123, 'Kulesza', 'Joanna', 31, 'wyzsze', 2587, 'Wielkopolskie'),
(124, 'Kulikowski', 'Maciej', 33, 'wyzsze', 3640, 'Mazowieckie'),
(125, 'Kulak', 'lukasz', 29, 'podstawowe', 5200, 'Mazowieckie'),
(126, 'Kulakowski', 'Iwona', 35, 'wyzsze', 5200, 'Mazowieckie'),
(127, 'Kurowski', 'Andrzej', 37, 'podstawowe', 1740, 'Mazowieckie'),
(128, 'Kuryga', 'Anna', 39, 'srednie', 3910, 'Lubuskie'),
(129, 'Lasota', 'Piotr', 19, 'podstawowe', 2100, 'Kujawsko - Pomorskie'),
(130, 'Lenkiewicz', 'Ewa', 18, 'podstawowe', 1840, 'Lubelskie'),
(131, 'Lewczuk', 'Bartosz', 19, 'podstawowe', 2200, 'Wielkopolskie'),
(132, 'Linowska', 'Maria', 20, 'srednie', 2587, 'Mazowieckie'),
(133, 'Lobaszewska', 'Ewa', 21, 'podstawowe', 3640, 'Dolnoslaskie'),
(134, 'Luksza', 'Agnieszka', 22, 'srednie', 4150, 'Malopolskie'),
(135, 'Luksza', 'Aleksandra', 32, 'podstawowe', 2730, 'Mazowieckie'),
(136, 'Mackowiak', 'Agnieszka', 24, 'srednie', 4100, 'Dolnoslaskie'),
(137, 'Maj', 'Anna', 25, 'podstawowe', 3000, 'Malopolskie'),
(138, 'Makuszewski', 'Adam', 26, 'srednie', 1900, 'Dolnoslaskie'),
(139, 'Malinowski', 'Anatol', 27, 'podstawowe', 2950, 'Kujawsko - Pomorskie'),
(140, 'Maliszewski', 'Dominik', 19, 'podstawowe', 2270, 'Lubelskie'),
(141, 'Maniuszko', 'Edyta', 25, 'wyzsze', 2050, 'Lubuskie'),
(142, 'Markowska', 'Emilia', 31, 'podstawowe', 1950, 'Lodzkie'),
(143, 'Maslowski', 'Izydor', 37, 'srednie', 1750, 'Malopolskie'),
(144, 'Matenczuk', 'Joanna', 43, 'podstawowe', 3500, 'Mazowieckie'),
(145, 'Matosik', 'Zuzanna', 49, 'srednie', 2250, 'Opolskie'),
(146, 'Matus', 'Magdalena', 19, 'podstawowe', 2550, 'Podkarpackie'),
(147, 'Matys', 'Maria', 22, 'podstawowe', 3890, 'Wielkopolskie'),
(148, 'Matysiuk', 'Monika', 25, 'wyzsze', 2850, 'Pomorskie'),
(149, 'Michalowski', 'Bartosz', 28, 'podstawowe', 2050, 'Slaskie'),
(150, 'Michalowski', 'lukasz', 31, 'srednie', 2550, 'Swietokrzyskie'),
(151, 'Mieleszko', 'Aneta', 34, 'podstawowe', 2200, 'Warminsko - Mazurskie'),
(152, 'Mierzeja', 'Marta', 37, 'srednie', 2200, 'Wielkopolskie'),
(153, 'Milewska', 'Magdalena', 40, 'podstawowe', 2200, 'Zachodniopomorskie'),
(154, 'Miniuk', 'Maria', 43, 'podstawowe', 2550, 'Wielkopolskie'),
(155, 'Misiaszek', 'Magdalena', 46, 'wyzsze', 2050, 'Zachodniopomorskie'),
(156, 'Moniuszko', 'Kamil', 19, 'srednie', 2270, 'Dolnoslaskie'),
(157, 'Mozolewski', 'Krzysztof', 25, 'podstawowe', 2730, 'Kujawsko - Pomorskie'),
(158, 'Mudz', 'Krzysztof', 31, 'srednie', 2850, 'Lubelskie'),
(159, 'Murawska', 'Magdalena', 37, 'podstawowe', 4200, 'Lubuskie'),
(160, 'Myszkowski', 'Jakub', 43, 'podstawowe', 2730, 'Lodzkie'),
(161, 'Naruniec', 'Eliza', 49, 'wyzsze', 2900, 'Malopolskie'),
(162, 'Nawrocka', 'Magdalena', 29, 'srednie', 2550, 'Mazowieckie'),
(163, 'Nazaruk', 'Joanna', 28, 'podstawowe', 2730, 'Opolskie'),
(164, 'Nowak', 'Elzbieta', 26, 'podstawowe', 3500, 'Podkarpackie'),
(165, 'Odzijewicz', 'Agnieszka', 25, 'wyzsze', 4200, 'Wielkopolskie'),
(166, 'Okruszko', 'Justyna', 24, 'srednie', 4100, 'Pomorskie'),
(167, 'Oksieniuk', 'Malgorzata', 23, 'srednie', 3790, 'Slaskie'),
(168, 'Oldynska', 'Marta', 22, 'srednie', 2450, 'Swietokrzyskie'),
(169, 'Omelianiuk', 'Kamila', 43, 'podstawowe', 3640, 'Wielkopolskie'),
(170, 'Ostrowska', 'Anna', 42, 'wyzsze', 4100, 'Wielkopolskie'),
(171, 'Ostrowski', 'Adam', 41, 'srednie', 2450, 'Zachodniopomorskie'),
(172, 'Panasiuk', 'Joanna', 40, 'podstawowe', 2900, 'Wielkopolskie'),
(173, 'Paszko', 'Marta', 39, 'srednie', 2450, 'Zachodniopomorskie'),
(174, 'Pawelko', 'Karol', 36, 'srednie', 2100, 'Dolnoslaskie'),
(175, 'Pawluczuk', 'Rafal', 35, 'podstawowe', 2270, 'Kujawsko - Pomorskie'),
(176, 'Pawlowski', 'Piotr', 42, 'srednie', 4250, 'Lubelskie'),
(177, 'Perkowska', 'Maria', 61, 'podstawowe', 2450, 'Lubuskie'),
(178, 'Petelska', 'Izabela', 28, 'srednie', 2950, 'Lodzkie'),
(179, 'Picewicz', 'Tomasz', 28, 'wyzsze', 3640, 'Malopolskie'),
(180, 'Piotrowski', 'lukasz', 27, 'podstawowe', 3640, 'Mazowieckie'),
(181, 'Piszczatowski', 'Kamil', 26, 'wyzsze', 2050, 'Opolskie'),
(182, 'Pogorzelska', 'Krystyna', 29, 'srednie', 2920, 'Podkarpackie'),
(183, 'Pogorzelski', 'Krzysztof', 31, 'podstawowe', 2378, 'Wielkopolskie'),
(184, 'Pokolenczuk', 'Jedrzej', 24, 'srednie', 5200, 'Pomorskie'),
(185, 'Popko', 'Krzysztof', 27, 'srednie', 2000, 'Slaskie'),
(186, 'Porebski', 'Wojciech', 28, 'podstawowe', 3000, 'Swietokrzyskie'),
(187, 'Porowski', 'lukasz', 27, 'srednie', 1900, 'Mazowieckie'),
(188, 'Predko', 'Kamil', 26, 'podstawowe', 2200, 'Wielkopolskie'),
(189, 'Prokop', 'Jakub', 29, 'srednie', 1920, 'Zachodniopomorskie'),
(190, 'Prokopowicz', 'Adam', 31, 'wyzsze', 3890, 'Wielkopolskie'),
(191, 'Prus', 'Ewelina', 24, 'podstawowe', 2450, 'Zachodniopomorskie'),
(192, 'Prymak', 'Miroslaw', 27, 'wyzsze', 2730, 'Dolnoslaskie'),
(193, 'Przybytko', 'Pawel', 27, 'srednie', 2920, 'Kujawsko - Pomorskie'),
(194, 'Przytula', 'Magdalena', 26, 'podstawowe', 2270, 'Lubelskie'),
(195, 'Pucilowski', 'Tomasz', 29, 'srednie', 4200, 'Lubuskie'),
(196, 'Rafalowski', 'Dominik', 31, 'srednie', 3910, 'Lodzkie'),
(197, 'Reduta', 'Agnieszka', 24, 'podstawowe', 2570, 'Malopolskie'),
(198, 'Romaniuk', 'Magdalena', 27, 'srednie', 2587, 'Mazowieckie'),
(199, 'Roszko', 'Pawel', 28, 'podstawowe', 3780, 'Opolskie'),
(200, 'Roszkowski', 'Pawel', 27, 'srednie', 2100, 'Podkarpackie'),
(201, 'Rowinska', 'Iwona', 26, 'wyzsze', 3300, 'Mazowieckie'),
(202, 'Rulow', 'Maria', 29, 'podstawowe', 2300, 'Opolskie'),
(203, 'Rutka', 'Edyta', 31, 'srednie', 2270, 'Podkarpackie'),
(204, 'Rutkowski', 'Karol', 31, 'wyzsze', 2850, 'Swietokrzyskie'),
(205, 'Ruwnicka', 'Edyta', 24, 'podstawowe', 2200, 'Slaskie'),
(206, 'Rybicki', 'Marcin', 27, 'srednie', 2270, 'Slaskie'),
(207, 'Rynkiewicz', 'Piotr', 27, 'wyzsze', 4200, 'Slaskie'),
(208, 'Rysiak', 'lukasz', 26, 'podstawowe', 1730, 'Wielkopolskie'),
(209, 'Sachajko', 'Anna', 29, 'srednie', 1840, 'Pomorskie'),
(210, 'Sacharczuk', 'Agnieszka', 31, 'wyzsze', 2950, 'Slaskie'),
(211, 'Sarnucinska', 'Marzena', 24, 'podstawowe', 3640, 'Wielkopolskie'),
(212, 'Sawicki', 'Marcin', 27, 'srednie', 3640, 'Wielkopolskie'),
(213, 'Sawon', 'Anna', 28, 'wyzsze', 2920, 'Slaskie'),
(214, 'Sedziak', 'Artur', 27, 'podstawowe', 2540, 'Slaskie'),
(215, 'Siemieniak', 'Andrzej', 26, 'srednie', 2270, 'Zachodniopomorskie'),
(216, 'Siemionczyk', 'Agnieszka', 29, 'podstawowe', 2000, 'Mazowieckie'),
(217, 'Sienkiewicz', 'Rafal', 31, 'podstawowe', 2450, 'Mazowieckie'),
(218, 'Sienkiewicz', 'Anna', 24, 'podstawowe', 3600, 'Kujawsko - Pomorskie'),
(219, 'Sienkiewicz', 'Wojciech', 27, 'wyzsze', 3890, 'Lubelskie'),
(220, 'Sienko', 'Kamila', 28, 'wyzsze', 2250, 'Lubuskie'),
(221, 'Siergiej', 'Maria', 42, 'srednie', 1640, 'Lubuskie'),
(222, 'Skowronska', 'Karolina', 41, 'srednie', 5200, 'Podkarpackie'),
(223, 'Skumorski', 'Wojciech', 40, 'wyzsze', 1900, 'Mazowieckie'),
(224, 'Slominska', 'Agnieszka', 39, 'wyzsze', 1740, 'Opolskie'),
(225, 'Smorczewski', 'Jacek', 36, 'podstawowe', 2540, 'Podkarpackie'),
(226, 'Socha', 'Piotr', 35, 'wyzsze', 3500, 'Swietokrzyskie'),
(227, 'Sokol', 'Anna', 42, 'srednie', 5200, 'Slaskie'),
(228, 'Solowiej', 'Natalia', 61, 'wyzsze', 2850, 'Slaskie'),
(229, 'Sowa', 'Anna', 28, 'wyzsze', 2570, 'Warminsko - Mazurskie'),
(230, 'Splawska', 'Tomasz', 28, 'srednie', 2920, 'Warminsko - Mazurskie'),
(231, 'Srebrna', 'Barbara', 27, 'srednie', 2270, 'Podkarpackie'),
(232, 'Stasiewicz', 'Adam', 26, 'wyzsze', 2000, 'Swietokrzyskie'),
(233, 'Strychalski', 'Mariusz', 29, 'wyzsze', 2000, 'Kujawsko - Pomorskie'),
(234, 'Suchocka', 'Julita', 31, 'podstawowe', 3000, 'Lodzkie'),
(235, 'Sulewska', 'Anna', 24, 'wyzsze', 2900, 'Lodzkie'),
(236, 'Sural', 'Tomasz', 27, 'podstawowe', 1900, 'Lubuskie'),
(237, 'Szafara', 'Tadeusz', 28, 'wyzsze', 2940, 'Pomorskie'),
(238, 'Szekalski', 'Wojciech', 27, 'srednie', 2100, 'Wielkopolskie'),
(239, 'Szeszko', 'Grazyna', 26, 'srednie', 1900, 'Slaskie'),
(240, 'Szubin', 'Kamila', 29, 'srednie', 2378, 'Mazowieckie'),
(241, 'Szulimowska', 'Anna', 31, 'wyzsze', 3300, 'Dolnoslaskie'),
(242, 'Szyfman', 'Bartosz', 24, 'srednie', 1900, 'Mazowieckie'),
(243, 'Szymczukiewicz', 'Eliza', 27, 'wyzsze', 5200, 'Dolnoslaskie'),
(244, 'Swiecicka', 'Marta', 29, 'wyzsze', 3780, 'Wielkopolskie'),
(245, 'Topczewski', 'Piotr', 31, 'podstawowe', 5200, 'Dolnoslaskie'),
(246, 'Trams', 'Jacek', 24, 'wyzsze', 2587, 'Dolnoslaskie'),
(247, 'Trombaczyk', 'Dorota', 27, 'podstawowe', 3640, 'Dolnoslaskie'),
(248, 'Ucinska', 'Aleksandra', 28, 'srednie', 5200, 'Dolnoslaskie'),
(249, 'Ugolik', 'Katarzyna', 27, 'srednie', 1740, 'Swietokrzyskie'),
(250, 'Wachowiec', 'Monika', 26, 'wyzsze', 3910, 'Slaskie'),
(251, 'Walinska', 'Agnieszka', 29, 'wyzsze', 2100, 'Slaskie'),
(252, 'Walkuski', 'Bartlomiej', 31, 'srednie', 1840, 'Warminsko - Mazurskie'),
(253, 'Werpachowska', 'Barbara', 24, 'srednie', 2200, 'Warminsko - Mazurskie'),
(254, 'Wiercinski', 'Marek', 27, 'wyzsze', 2540, 'Podkarpackie'),
(255, 'Wieremiejuk', 'Sylwia', 26, 'wyzsze', 3740, 'Swietokrzyskie'),
(256, 'Wierzbicka', 'Ewa', 29, 'srednie', 2100, 'Kujawsko - Pomorskie'),
(257, 'Wierzchowski', 'Pawel', 31, 'podstawowe', 2587, 'Lodzkie'),
(258, 'Wilczynska', 'Ewa', 24, 'podstawowe', 2940, 'Lodzkie'),
(259, 'Wilczynski', 'Mariusz', 27, 'wyzsze', 2730, 'Lubuskie'),
(260, 'Wincewicz', 'Michal', 28, 'podstawowe', 4200, 'Pomorskie'),
(261, 'Wiodowski', 'Stanislaw', 27, 'srednie', 4200, 'Wielkopolskie'),
(262, 'Wisniewska', 'Agnieszka', 26, 'srednie', 5200, 'Slaskie'),
(263, 'Witczynski', 'Mateusz', 29, 'srednie', 1900, 'Mazowieckie'),
(264, 'Wnorowska', 'Joanna', 31, 'srednie', 5200, 'Dolnoslaskie'),
(265, 'Woloszyn', 'Jaroslaw', 24, 'srednie', 3780, 'Mazowieckie'),
(266, 'Wroblewski', 'Mikolaj', 27, 'podstawowe', 5200, 'Dolnoslaskie'),
(267, 'Wysocka', 'Anna', 29, 'podstawowe', 2587, 'Wielkopolskie'),
(268, 'Zanecka', 'Ewa', 31, 'wyzsze', 3640, 'Wielkopolskie'),
(269, 'Zawada', 'Magdalena', 24, 'wyzsze', 5200, 'Wielkopolskie'),
(270, 'Zawadzki', 'Mateusz', 27, 'srednie', 1740, 'Pomorskie'),
(271, 'Zimnoch', 'Aneta', 28, 'podstawowe', 3910, 'Podkarpackie'),
(272, 'Zakiewicz', 'Joanna', 26, 'srednie', 1840, 'Malopolskie'),
(273, 'Zarniewski', 'Maciej', 24, 'wyzsze', 2250, 'Wielkopolskie'),
(274, 'Zemojda', 'Krystyna', 24, 'wyzsze', 2950, 'Wielkopolskie'),
(275, 'Zeszczynska', 'Wanda', 23, 'srednie', 4250, 'Lubuskie'),
(276, 'Zmijewski', 'Sebastian', 27, 'podstawowe', 2100, 'Podkarpackie'),
(277, 'Zukowska', 'Grazyna', 32, 'wyzsze', 4100, 'Lodzkie'),
(278, 'Zukowska', 'Aniela', 50, 'srednie', 3890, 'Dolnoslaskie'),
(279, 'Zukowska', 'Magdalena', 44, 'wyzsze', 3740, 'Malopolskie'),
(280, 'Zukowski', 'Grzegorz', 41, 'wyzsze', 2250, 'Opolskie');

-- --------------------------------------------------------

--
-- Struktura tabeli dla tabeli `hobby`
--

CREATE TABLE `hobby` (
  `id` int(10) UNSIGNED NOT NULL,
  `nazwa` varchar(20) DEFAULT NULL
) ENGINE=InnoDB DEFAULT CHARSET=latin1;

--
-- Zrzut danych tabeli `hobby`
--

INSERT INTO `hobby` (`id`, `nazwa`) VALUES
(1, 'muzyka'),
(2, 'film'),
(3, 'biegi'),
(4, 'gimnastyka'),
(5, 'taniec'),
(6, 'komputery'),
(7, 'kryminaly'),
(8, 'nauka'),
(9, 'majsterkowanie'),
(10, 'samochody'),
(11, 'turystyka'),
(12, 'biologia'),
(13, 'sudoku'),
(14, 'numizmatyka'),
(15, 'znaczki pocztowe'),
(16, 'modelarstwo');

-- --------------------------------------------------------

--
-- Struktura tabeli dla tabeli `lokata`
--

CREATE TABLE `lokata` (
  `Id_ank` int(11) DEFAULT NULL,
  `Srod_lok` varchar(8) DEFAULT NULL,
  `Pora_roku` varchar(9) DEFAULT NULL
) ENGINE=InnoDB DEFAULT CHARSET=utf8;

--
-- Zrzut danych tabeli `lokata`
--

INSERT INTO `lokata` (`Id_ank`, `Srod_lok`, `Pora_roku`) VALUES
(1, 'rower', 'wiosna'),
(1, 'rower', 'lato'),
(1, 'rower', 'jesien'),
(1, 'tramwaj', 'zima'),
(2, 'samochod', 'wiosna'),
(2, 'samochod', 'lato'),
(2, 'samochod', 'jesien'),
(2, 'samochod', 'zima'),
(3, 'autobus', 'wiosna'),
(3, 'autobus', 'lato'),
(3, 'autobus', 'jesien'),
(3, 'autobus', 'zima'),
(4, 'samochod', 'wiosna'),
(4, 'rower', 'lato'),
(4, 'samochod', 'jesien'),
(4, 'samochod', 'zima'),
(5, 'samochod', 'wiosna'),
(5, 'rower', 'lato'),
(5, 'samochod', 'jesien'),
(5, 'samochod', 'zima'),
(6, 'tramwaj', 'wiosna'),
(6, 'tramwaj', 'lato'),
(6, 'tramwaj', 'jesien'),
(6, 'tramwaj', 'zima'),
(7, 'rower', 'wiosna'),
(7, 'rower', 'lato'),
(7, 'tramwaj', 'jesien'),
(7, 'tramwaj', 'zima'),
(8, 'samochod', 'wiosna'),
(8, 'samochod', 'lato'),
(8, 'samochod', 'jesien'),
(8, 'samochod', 'zima'),
(9, 'rower', 'wiosna'),
(9, 'rower', 'lato'),
(9, 'tramwaj', 'jesien'),
(9, 'tramwaj', 'zima'),
(10, 'samochod', 'wiosna'),
(10, 'samochod', 'lato'),
(10, 'samochod', 'jesien'),
(10, 'samochod', 'zima'),
(11, 'pociag', 'wiosna'),
(11, 'pociag', 'lato'),
(11, 'pociag', 'jesien'),
(11, 'pociag', 'zima'),
(12, 'autobus', 'wiosna'),
(12, 'autobus', 'lato'),
(12, 'autobus', 'jesien'),
(12, 'autobus', 'zima'),
(13, 'samochod', 'wiosna'),
(13, 'samochod', 'lato'),
(13, 'samochod', 'jesien'),
(13, 'samochod', 'zima'),
(14, 'autobus', 'wiosna'),
(14, 'autobus', 'lato'),
(14, 'autobus', 'jesien'),
(14, 'autobus', 'zima'),
(15, 'rower', 'wiosna'),
(15, 'rower', 'lato'),
(15, 'tramwaj', 'jesien'),
(15, 'tramwaj', 'zima'),
(16, 'rower', 'wiosna'),
(16, 'rower', 'lato'),
(16, 'tramwaj', 'jesien'),
(16, 'tramwaj', 'zima'),
(17, 'autobus', 'wiosna'),
(17, 'autobus', 'lato'),
(17, 'autobus', 'jesien'),
(17, 'autobus', 'zima'),
(18, 'rower', 'wiosna'),
(18, 'rower', 'lato'),
(18, 'tramwaj', 'jesien'),
(18, 'tramwaj', 'zima'),
(19, 'rower', 'wiosna'),
(19, 'rower', 'lato'),
(19, 'tramwaj', 'jesien'),
(19, 'tramwaj', 'zima'),
(20, 'rower', 'wiosna'),
(20, 'rower', 'lato'),
(20, 'tramwaj', 'jesien'),
(20, 'tramwaj', 'zima'),
(21, 'tramwaj', 'wiosna'),
(21, 'tramwaj', 'lato'),
(21, 'tramwaj', 'jesien'),
(21, 'tramwaj', 'zima'),
(22, 'tramwaj', 'wiosna'),
(22, 'tramwaj', 'lato'),
(22, 'tramwaj', 'jesien'),
(22, 'tramwaj', 'zima'),
(23, 'samochod', 'wiosna'),
(23, 'rower', 'lato'),
(23, 'samochod', 'jesien'),
(23, 'samochod', 'zima'),
(24, 'samochod', 'wiosna'),
(24, 'samochod', 'lato'),
(24, 'samochod', 'jesien'),
(24, 'samochod', 'zima'),
(25, 'samochod', 'wiosna'),
(25, 'samochod', 'lato'),
(25, 'samochod', 'jesien'),
(25, 'samochod', 'zima'),
(26, 'rower', 'wiosna'),
(26, 'rower', 'lato'),
(26, 'samochod', 'jesien'),
(26, 'samochod', 'zima'),
(27, 'samochod', 'wiosna'),
(27, 'rower', 'lato'),
(27, 'samochod', 'jesien'),
(27, 'samochod', 'zima'),
(28, 'samochod', 'wiosna'),
(28, 'samochod', 'lato'),
(28, 'samochod', 'jesien'),
(28, 'samochod', 'zima'),
(29, 'pociag', 'wiosna'),
(29, 'pociag', 'lato'),
(29, 'pociag', 'jesien'),
(29, 'pociag', 'zima'),
(30, 'tramwaj', 'wiosna'),
(30, 'rower', 'lato'),
(30, 'tramwaj', 'jesien'),
(30, 'tramwaj', 'zima'),
(31, 'rower', 'wiosna'),
(31, 'rower', 'lato'),
(31, 'autobus', 'jesien'),
(31, 'autobus', 'zima'),
(32, 'pociag', 'wiosna'),
(32, 'pociag', 'lato'),
(32, 'pociag', 'jesien'),
(32, 'pociag', 'zima'),
(33, 'rower', 'wiosna'),
(33, 'rower', 'lato'),
(33, 'autobus', 'jesien'),
(33, 'autobus', 'zima'),
(34, 'pociag', 'wiosna'),
(34, 'pociag', 'lato'),
(34, 'pociag', 'jesien'),
(34, 'pociag', 'zima'),
(35, 'tramwaj', 'wiosna'),
(35, 'tramwaj', 'lato'),
(35, 'tramwaj', 'jesien'),
(35, 'tramwaj', 'zima'),
(36, 'rower', 'wiosna'),
(36, 'rower', 'lato'),
(36, 'autobus', 'jesien'),
(36, 'autobus', 'zima'),
(37, 'pociag', 'wiosna'),
(37, 'pociag', 'lato'),
(37, 'pociag', 'jesien'),
(37, 'pociag', 'zima'),
(38, 'samochod', 'wiosna'),
(38, 'rower', 'lato'),
(38, 'samochod', 'jesien'),
(38, 'samochod', 'zima'),
(39, 'rower', 'wiosna'),
(39, 'rower', 'lato'),
(39, 'autobus', 'jesien'),
(39, 'autobus', 'zima'),
(40, 'rower', 'wiosna'),
(40, 'rower', 'lato'),
(40, 'autobus', 'jesien'),
(40, 'autobus', 'zima'),
(41, 'samochod', 'wiosna'),
(41, 'samochod', 'lato'),
(41, 'samochod', 'jesien'),
(41, 'samochod', 'zima'),
(42, 'tramwaj', 'wiosna'),
(42, 'rower', 'lato'),
(42, 'tramwaj', 'jesien'),
(42, 'tramwaj', 'zima'),
(43, 'samochod', 'wiosna'),
(43, 'samochod', 'lato'),
(43, 'samochod', 'jesien'),
(43, 'samochod', 'zima'),
(44, 'rower', 'wiosna'),
(44, 'rower', 'lato'),
(44, 'rower', 'jesien'),
(44, 'autobus', 'zima'),
(45, 'samochod', 'wiosna'),
(45, 'samochod', 'lato'),
(45, 'samochod', 'jesien'),
(45, 'samochod', 'zima'),
(46, 'tramwaj', 'wiosna'),
(46, 'tramwaj', 'lato'),
(46, 'tramwaj', 'jesien'),
(46, 'tramwaj', 'zima'),
(47, 'tramwaj', 'wiosna'),
(47, 'tramwaj', 'lato'),
(47, 'tramwaj', 'jesien'),
(47, 'tramwaj', 'zima'),
(48, 'tramwaj', 'wiosna'),
(48, 'tramwaj', 'lato'),
(48, 'tramwaj', 'jesien'),
(48, 'tramwaj', 'zima'),
(49, 'pociag', 'wiosna'),
(49, 'pociag', 'lato'),
(49, 'pociag', 'jesien'),
(49, 'pociag', 'zima'),
(50, 'rower', 'wiosna'),
(50, 'rower', 'lato'),
(50, 'autobus', 'jesien'),
(50, 'autobus', 'zima'),
(51, 'pociag', 'wiosna'),
(51, 'pociag', 'lato'),
(51, 'pociag', 'jesien'),
(51, 'pociag', 'zima'),
(52, 'samochod', 'wiosna'),
(52, 'samochod', 'lato'),
(52, 'samochod', 'jesien'),
(52, 'samochod', 'zima'),
(53, 'samochod', 'wiosna'),
(53, 'rower', 'lato'),
(53, 'samochod', 'jesien'),
(53, 'samochod', 'zima'),
(54, 'tramwaj', 'wiosna'),
(54, 'tramwaj', 'lato'),
(54, 'tramwaj', 'jesien'),
(54, 'tramwaj', 'zima'),
(55, 'samochod', 'wiosna'),
(55, 'samochod', 'lato'),
(55, 'samochod', 'jesien'),
(55, 'samochod', 'zima'),
(56, 'rower', 'wiosna'),
(56, 'rower', 'lato'),
(56, 'autobus', 'jesien'),
(56, 'autobus', 'zima'),
(57, 'autobus', 'wiosna'),
(57, 'autobus', 'lato'),
(57, 'autobus', 'jesien'),
(57, 'autobus', 'zima'),
(58, 'samochod', 'wiosna'),
(58, 'samochod', 'lato'),
(58, 'samochod', 'jesien'),
(58, 'samochod', 'zima'),
(59, 'tramwaj', 'wiosna'),
(59, 'tramwaj', 'lato'),
(59, 'tramwaj', 'jesien'),
(59, 'tramwaj', 'zima'),
(60, 'tramwaj', 'wiosna'),
(60, 'rower', 'lato'),
(60, 'tramwaj', 'jesien'),
(60, 'tramwaj', 'zima'),
(61, 'rower', 'wiosna'),
(61, 'rower', 'lato'),
(61, 'autobus', 'jesien'),
(61, 'autobus', 'zima'),
(62, 'rower', 'wiosna'),
(62, 'rower', 'lato'),
(62, 'autobus', 'jesien'),
(62, 'autobus', 'zima'),
(63, 'pociag', 'wiosna'),
(63, 'pociag', 'lato'),
(63, 'pociag', 'jesien'),
(63, 'pociag', 'zima'),
(64, 'autobus', 'wiosna'),
(64, 'rower', 'lato'),
(64, 'autobus', 'jesien'),
(64, 'autobus', 'zima'),
(65, 'rower', 'wiosna'),
(65, 'rower', 'lato'),
(65, 'autobus', 'jesien'),
(65, 'autobus', 'zima'),
(66, 'tramwaj', 'wiosna'),
(66, 'tramwaj', 'lato'),
(66, 'tramwaj', 'jesien'),
(66, 'tramwaj', 'zima'),
(67, 'rower', 'wiosna'),
(67, 'rower', 'lato'),
(67, 'autobus', 'jesien'),
(67, 'autobus', 'zima'),
(68, 'rower', 'wiosna'),
(68, 'rower', 'lato'),
(68, 'autobus', 'jesien'),
(68, 'autobus', 'zima'),
(69, 'tramwaj', 'wiosna'),
(69, 'tramwaj', 'lato'),
(69, 'tramwaj', 'jesien'),
(69, 'tramwaj', 'zima'),
(70, 'pociag', 'wiosna'),
(70, 'pociag', 'lato'),
(70, 'pociag', 'jesien'),
(70, 'pociag', 'zima'),
(71, 'pociag', 'wiosna'),
(71, 'pociag', 'lato'),
(71, 'pociag', 'jesien'),
(71, 'pociag', 'zima'),
(72, 'rower', 'wiosna'),
(72, 'rower', 'lato'),
(72, 'autobus', 'jesien'),
(72, 'autobus', 'zima'),
(73, 'rower', 'wiosna'),
(73, 'rower', 'lato'),
(73, 'autobus', 'jesien'),
(73, 'autobus', 'zima'),
(74, 'pociag', 'wiosna'),
(74, 'pociag', 'lato'),
(74, 'pociag', 'jesien'),
(74, 'pociag', 'zima'),
(75, 'rower', 'wiosna'),
(75, 'rower', 'lato'),
(75, 'rower', 'jesien'),
(75, 'autobus', 'zima'),
(76, 'pociag', 'wiosna'),
(76, 'pociag', 'lato'),
(76, 'pociag', 'jesien'),
(76, 'pociag', 'zima'),
(77, 'tramwaj', 'wiosna'),
(77, 'tramwaj', 'lato'),
(77, 'tramwaj', 'jesien'),
(77, 'tramwaj', 'zima'),
(78, 'autobus', 'wiosna'),
(78, 'autobus', 'lato'),
(78, 'autobus', 'jesien'),
(78, 'autobus', 'zima'),
(79, 'autobus', 'wiosna'),
(79, 'autobus', 'lato'),
(79, 'autobus', 'jesien'),
(79, 'autobus', 'zima'),
(80, 'tramwaj', 'wiosna'),
(80, 'tramwaj', 'lato'),
(80, 'tramwaj', 'jesien'),
(80, 'tramwaj', 'zima'),
(81, 'rower', 'wiosna'),
(81, 'rower', 'lato'),
(81, 'rower', 'jesien'),
(81, 'autobus', 'zima'),
(82, 'tramwaj', 'wiosna'),
(82, 'tramwaj', 'lato'),
(82, 'tramwaj', 'jesien'),
(82, 'tramwaj', 'zima'),
(83, 'tramwaj', 'wiosna'),
(83, 'tramwaj', 'lato'),
(83, 'tramwaj', 'jesien'),
(83, 'tramwaj', 'zima'),
(84, 'rower', 'wiosna'),
(84, 'rower', 'lato'),
(84, 'rower', 'jesien'),
(84, 'autobus', 'zima'),
(85, 'tramwaj', 'wiosna'),
(85, 'tramwaj', 'lato'),
(85, 'tramwaj', 'jesien'),
(85, 'tramwaj', 'zima'),
(86, 'pociag', 'wiosna'),
(86, 'pociag', 'lato'),
(86, 'pociag', 'jesien'),
(86, 'pociag', 'zima'),
(87, 'tramwaj', 'wiosna'),
(87, 'rower', 'lato'),
(87, 'tramwaj', 'jesien'),
(87, 'tramwaj', 'zima'),
(88, 'autobus', 'wiosna'),
(88, 'autobus', 'lato'),
(88, 'autobus', 'jesien'),
(88, 'autobus', 'zima'),
(89, 'samochod', 'wiosna'),
(89, 'samochod', 'lato'),
(89, 'samochod', 'jesien'),
(89, 'samochod', 'zima'),
(90, 'samochod', 'wiosna'),
(90, 'samochod', 'lato'),
(90, 'samochod', 'jesien'),
(90, 'samochod', 'zima'),
(91, 'pociag', 'wiosna'),
(91, 'pociag', 'lato'),
(91, 'pociag', 'jesien'),
(91, 'pociag', 'zima'),
(92, 'rower', 'wiosna'),
(92, 'rower', 'lato'),
(92, 'autobus', 'jesien'),
(92, 'autobus', 'zima'),
(93, 'pociag', 'wiosna'),
(93, 'pociag', 'lato'),
(93, 'pociag', 'jesien'),
(93, 'pociag', 'zima'),
(94, 'samochod', 'wiosna'),
(94, 'rower', 'lato'),
(94, 'samochod', 'jesien'),
(94, 'samochod', 'zima'),
(95, 'rower', 'wiosna'),
(95, 'rower', 'lato'),
(95, 'autobus', 'jesien'),
(95, 'autobus', 'zima'),
(96, 'tramwaj', 'wiosna'),
(96, 'rower', 'lato'),
(96, 'tramwaj', 'jesien'),
(96, 'tramwaj', 'zima'),
(97, 'samochod', 'wiosna'),
(97, 'samochod', 'lato'),
(97, 'samochod', 'jesien'),
(97, 'samochod', 'zima'),
(98, 'tramwaj', 'wiosna'),
(98, 'tramwaj', 'lato'),
(98, 'tramwaj', 'jesien'),
(98, 'tramwaj', 'zima'),
(99, 'rower', 'wiosna'),
(99, 'rower', 'lato'),
(99, 'autobus', 'jesien'),
(99, 'autobus', 'zima'),
(100, 'samochod', 'wiosna'),
(100, 'samochod', 'lato'),
(100, 'samochod', 'jesien'),
(100, 'samochod', 'zima'),
(101, 'samochod', 'wiosna'),
(101, 'samochod', 'lato'),
(101, 'samochod', 'jesien'),
(101, 'samochod', 'zima'),
(102, 'rower', 'wiosna'),
(102, 'rower', 'lato'),
(102, 'autobus', 'jesien'),
(102, 'autobus', 'zima'),
(103, 'tramwaj', 'wiosna'),
(103, 'tramwaj', 'lato'),
(103, 'tramwaj', 'jesien'),
(103, 'tramwaj', 'zima'),
(104, 'samochod', 'wiosna'),
(104, 'rower', 'lato'),
(104, 'samochod', 'jesien'),
(104, 'samochod', 'zima'),
(105, 'samochod', 'wiosna'),
(105, 'samochod', 'lato'),
(105, 'samochod', 'jesien'),
(105, 'samochod', 'zima'),
(106, 'autobus', 'wiosna'),
(106, 'autobus', 'lato'),
(106, 'autobus', 'jesien'),
(106, 'autobus', 'zima'),
(107, 'samochod', 'wiosna'),
(107, 'samochod', 'lato'),
(107, 'samochod', 'jesien'),
(107, 'samochod', 'zima'),
(108, 'rower', 'wiosna'),
(108, 'rower', 'lato'),
(108, 'autobus', 'jesien'),
(108, 'autobus', 'zima'),
(109, 'tramwaj', 'wiosna'),
(109, 'tramwaj', 'lato'),
(109, 'tramwaj', 'jesien'),
(109, 'tramwaj', 'zima'),
(110, 'tramwaj', 'wiosna'),
(110, 'tramwaj', 'lato'),
(110, 'tramwaj', 'jesien'),
(110, 'tramwaj', 'zima'),
(111, 'pociag', 'wiosna'),
(111, 'pociag', 'lato'),
(111, 'pociag', 'jesien'),
(111, 'pociag', 'zima'),
(112, 'tramwaj', 'wiosna'),
(112, 'tramwaj', 'lato'),
(112, 'tramwaj', 'jesien'),
(112, 'tramwaj', 'zima'),
(113, 'rower', 'wiosna'),
(113, 'rower', 'lato'),
(113, 'autobus', 'jesien'),
(113, 'autobus', 'zima'),
(114, 'autobus', 'wiosna'),
(114, 'autobus', 'lato'),
(114, 'autobus', 'jesien'),
(114, 'autobus', 'zima'),
(115, 'rower', 'wiosna'),
(115, 'rower', 'lato'),
(115, 'autobus', 'jesien'),
(115, 'autobus', 'zima'),
(116, 'tramwaj', 'wiosna'),
(116, 'tramwaj', 'lato'),
(116, 'tramwaj', 'jesien'),
(116, 'tramwaj', 'zima'),
(117, 'samochod', 'wiosna'),
(117, 'samochod', 'lato'),
(117, 'samochod', 'jesien'),
(117, 'samochod', 'zima'),
(118, 'pociag', 'wiosna'),
(118, 'pociag', 'lato'),
(118, 'pociag', 'jesien'),
(118, 'pociag', 'zima'),
(119, 'rower', 'wiosna'),
(119, 'rower', 'lato'),
(119, 'autobus', 'jesien'),
(119, 'autobus', 'zima'),
(120, 'tramwaj', 'wiosna'),
(120, 'tramwaj', 'lato'),
(120, 'tramwaj', 'jesien'),
(120, 'tramwaj', 'zima'),
(121, 'samochod', 'wiosna'),
(121, 'samochod', 'lato'),
(121, 'samochod', 'jesien'),
(121, 'samochod', 'zima'),
(122, 'tramwaj', 'wiosna'),
(122, 'tramwaj', 'lato'),
(122, 'tramwaj', 'jesien'),
(122, 'tramwaj', 'zima'),
(123, 'pociag', 'wiosna'),
(123, 'pociag', 'lato'),
(123, 'pociag', 'jesien'),
(123, 'pociag', 'zima'),
(124, 'tramwaj', 'wiosna'),
(124, 'tramwaj', 'lato'),
(124, 'tramwaj', 'jesien'),
(124, 'tramwaj', 'zima'),
(125, 'tramwaj', 'wiosna'),
(125, 'tramwaj', 'lato'),
(125, 'tramwaj', 'jesien'),
(125, 'tramwaj', 'zima'),
(126, 'rower', 'wiosna'),
(126, 'rower', 'lato'),
(126, 'autobus', 'jesien'),
(126, 'autobus', 'zima'),
(127, 'pociag', 'wiosna'),
(127, 'pociag', 'lato'),
(127, 'pociag', 'jesien'),
(127, 'pociag', 'zima'),
(128, 'rower', 'wiosna'),
(128, 'rower', 'lato'),
(128, 'rower', 'jesien'),
(128, 'tramwaj', 'zima'),
(129, 'tramwaj', 'wiosna'),
(129, 'tramwaj', 'lato'),
(129, 'tramwaj', 'jesien'),
(129, 'tramwaj', 'zima'),
(130, 'samochod', 'wiosna'),
(130, 'samochod', 'lato'),
(130, 'samochod', 'jesien'),
(130, 'samochod', 'zima'),
(131, 'autobus', 'wiosna'),
(131, 'autobus', 'lato'),
(131, 'autobus', 'jesien'),
(131, 'autobus', 'zima'),
(132, 'rower', 'wiosna'),
(132, 'rower', 'lato'),
(132, 'rower', 'jesien'),
(132, 'autobus', 'zima'),
(133, 'tramwaj', 'wiosna'),
(133, 'tramwaj', 'lato'),
(133, 'tramwaj', 'jesien'),
(133, 'tramwaj', 'zima'),
(134, 'samochod', 'wiosna'),
(134, 'samochod', 'lato'),
(134, 'samochod', 'jesien'),
(134, 'samochod', 'zima'),
(135, 'tramwaj', 'wiosna'),
(135, 'tramwaj', 'lato'),
(135, 'tramwaj', 'jesien'),
(135, 'tramwaj', 'zima'),
(136, 'tramwaj', 'wiosna'),
(136, 'tramwaj', 'lato'),
(136, 'tramwaj', 'jesien'),
(136, 'tramwaj', 'zima'),
(137, 'pociag', 'wiosna'),
(137, 'pociag', 'lato'),
(137, 'pociag', 'jesien'),
(137, 'pociag', 'zima'),
(138, 'tramwaj', 'wiosna'),
(138, 'tramwaj', 'lato'),
(138, 'tramwaj', 'jesien'),
(138, 'tramwaj', 'zima'),
(139, 'rower', 'wiosna'),
(139, 'rower', 'lato'),
(139, 'rower', 'jesien'),
(139, 'autobus', 'zima'),
(140, 'pociag', 'wiosna'),
(140, 'pociag', 'lato'),
(140, 'pociag', 'jesien'),
(140, 'pociag', 'zima'),
(141, 'rower', 'wiosna'),
(141, 'rower', 'lato'),
(141, 'autobus', 'jesien'),
(141, 'autobus', 'zima'),
(142, 'tramwaj', 'wiosna'),
(142, 'tramwaj', 'lato'),
(142, 'tramwaj', 'jesien'),
(142, 'tramwaj', 'zima'),
(143, 'samochod', 'wiosna'),
(143, 'samochod', 'lato'),
(143, 'samochod', 'jesien'),
(143, 'samochod', 'zima'),
(144, 'pociag', 'wiosna'),
(144, 'pociag', 'lato'),
(144, 'pociag', 'jesien'),
(144, 'pociag', 'zima'),
(145, 'rower', 'wiosna'),
(145, 'rower', 'lato'),
(145, 'autobus', 'jesien'),
(145, 'autobus', 'zima'),
(146, 'tramwaj', 'wiosna'),
(146, 'rower', 'lato'),
(146, 'tramwaj', 'jesien'),
(146, 'tramwaj', 'zima'),
(147, 'samochod', 'wiosna'),
(147, 'samochod', 'lato'),
(147, 'samochod', 'jesien'),
(147, 'samochod', 'zima'),
(148, 'tramwaj', 'wiosna'),
(148, 'rower', 'lato'),
(148, 'tramwaj', 'jesien'),
(148, 'tramwaj', 'zima'),
(149, 'tramwaj', 'wiosna'),
(149, 'rower', 'lato'),
(149, 'tramwaj', 'jesien'),
(149, 'tramwaj', 'zima'),
(150, 'pociag', 'wiosna'),
(150, 'pociag', 'lato'),
(150, 'pociag', 'jesien'),
(150, 'pociag', 'zima'),
(151, 'tramwaj', 'wiosna'),
(151, 'rower', 'lato'),
(151, 'tramwaj', 'jesien'),
(151, 'tramwaj', 'zima'),
(152, 'rower', 'wiosna'),
(152, 'rower', 'lato'),
(152, 'tramwaj', 'jesien'),
(152, 'tramwaj', 'zima'),
(153, 'pociag', 'wiosna'),
(153, 'pociag', 'lato'),
(153, 'pociag', 'jesien'),
(153, 'pociag', 'zima'),
(154, 'rower', 'wiosna'),
(154, 'rower', 'lato'),
(154, 'tramwaj', 'jesien'),
(154, 'tramwaj', 'zima'),
(155, 'rower', 'wiosna'),
(155, 'rower', 'lato'),
(155, 'tramwaj', 'jesien'),
(155, 'tramwaj', 'zima'),
(156, 'samochod', 'wiosna'),
(156, 'samochod', 'lato'),
(156, 'samochod', 'jesien'),
(156, 'samochod', 'zima'),
(157, 'pociag', 'wiosna'),
(157, 'pociag', 'lato'),
(157, 'pociag', 'jesien'),
(157, 'pociag', 'zima'),
(158, 'rower', 'wiosna'),
(158, 'rower', 'lato'),
(158, 'samochod', 'jesien'),
(158, 'samochod', 'zima'),
(159, 'tramwaj', 'wiosna'),
(159, 'tramwaj', 'lato'),
(159, 'tramwaj', 'jesien'),
(159, 'tramwaj', 'zima'),
(160, 'samochod', 'wiosna'),
(160, 'samochod', 'lato'),
(160, 'samochod', 'jesien'),
(160, 'samochod', 'zima'),
(161, 'tramwaj', 'wiosna'),
(161, 'tramwaj', 'lato'),
(161, 'tramwaj', 'jesien'),
(161, 'tramwaj', 'zima'),
(162, 'tramwaj', 'wiosna'),
(162, 'tramwaj', 'lato'),
(162, 'tramwaj', 'jesien'),
(162, 'tramwaj', 'zima'),
(163, 'pociag', 'wiosna'),
(163, 'pociag', 'lato'),
(163, 'pociag', 'jesien'),
(163, 'pociag', 'zima'),
(164, 'tramwaj', 'wiosna'),
(164, 'tramwaj', 'lato'),
(164, 'tramwaj', 'jesien'),
(164, 'tramwaj', 'zima'),
(165, 'rower', 'wiosna'),
(165, 'rower', 'lato'),
(165, 'autobus', 'jesien'),
(165, 'autobus', 'zima'),
(166, 'pociag', 'wiosna'),
(166, 'pociag', 'lato'),
(166, 'pociag', 'jesien'),
(166, 'pociag', 'zima'),
(167, 'rower', 'wiosna'),
(167, 'rower', 'lato'),
(167, 'autobus', 'jesien'),
(167, 'autobus', 'zima'),
(168, 'tramwaj', 'wiosna'),
(168, 'tramwaj', 'lato'),
(168, 'tramwaj', 'jesien'),
(168, 'tramwaj', 'zima'),
(169, 'samochod', 'wiosna'),
(169, 'samochod', 'lato'),
(169, 'samochod', 'jesien'),
(169, 'samochod', 'zima'),
(170, 'autobus', 'wiosna'),
(170, 'autobus', 'lato'),
(170, 'autobus', 'jesien'),
(170, 'autobus', 'zima'),
(171, 'rower', 'wiosna'),
(171, 'rower', 'lato'),
(171, 'autobus', 'jesien'),
(171, 'autobus', 'zima'),
(172, 'tramwaj', 'wiosna'),
(172, 'tramwaj', 'lato'),
(172, 'tramwaj', 'jesien'),
(172, 'tramwaj', 'zima'),
(173, 'samochod', 'wiosna'),
(173, 'samochod', 'lato'),
(173, 'samochod', 'jesien'),
(173, 'samochod', 'zima'),
(174, 'tramwaj', 'wiosna'),
(174, 'tramwaj', 'lato'),
(174, 'tramwaj', 'jesien'),
(174, 'tramwaj', 'zima'),
(175, 'tramwaj', 'wiosna'),
(175, 'tramwaj', 'lato'),
(175, 'tramwaj', 'jesien'),
(175, 'tramwaj', 'zima'),
(176, 'pociag', 'wiosna'),
(176, 'pociag', 'lato'),
(176, 'pociag', 'jesien'),
(176, 'pociag', 'zima'),
(177, 'tramwaj', 'wiosna'),
(177, 'tramwaj', 'lato'),
(177, 'tramwaj', 'jesien'),
(177, 'tramwaj', 'zima'),
(178, 'rower', 'wiosna'),
(178, 'rower', 'lato'),
(178, 'autobus', 'jesien'),
(178, 'autobus', 'zima'),
(179, 'pociag', 'wiosna'),
(179, 'pociag', 'lato'),
(179, 'pociag', 'jesien'),
(179, 'pociag', 'zima'),
(180, 'rower', 'wiosna'),
(180, 'rower', 'lato'),
(180, 'autobus', 'jesien'),
(180, 'autobus', 'zima'),
(181, 'tramwaj', 'wiosna'),
(181, 'tramwaj', 'lato'),
(181, 'tramwaj', 'jesien'),
(181, 'tramwaj', 'zima'),
(182, 'samochod', 'wiosna'),
(182, 'samochod', 'lato'),
(182, 'samochod', 'jesien'),
(182, 'samochod', 'zima'),
(183, 'pociag', 'wiosna'),
(183, 'pociag', 'lato'),
(183, 'pociag', 'jesien'),
(183, 'pociag', 'zima'),
(184, 'rower', 'wiosna'),
(184, 'rower', 'lato'),
(184, 'autobus', 'jesien'),
(184, 'autobus', 'zima'),
(185, 'tramwaj', 'wiosna'),
(185, 'tramwaj', 'lato'),
(185, 'tramwaj', 'jesien'),
(185, 'tramwaj', 'zima'),
(186, 'samochod', 'wiosna'),
(186, 'rower', 'lato'),
(186, 'samochod', 'jesien'),
(186, 'samochod', 'zima'),
(187, 'tramwaj', 'wiosna'),
(187, 'tramwaj', 'lato'),
(187, 'tramwaj', 'jesien'),
(187, 'tramwaj', 'zima'),
(188, 'tramwaj', 'wiosna'),
(188, 'tramwaj', 'lato'),
(188, 'tramwaj', 'jesien'),
(188, 'tramwaj', 'zima'),
(189, 'pociag', 'wiosna'),
(189, 'pociag', 'lato'),
(189, 'pociag', 'jesien'),
(189, 'pociag', 'zima'),
(190, 'tramwaj', 'wiosna'),
(190, 'rower', 'lato'),
(190, 'tramwaj', 'jesien'),
(190, 'tramwaj', 'zima'),
(191, 'rower', 'wiosna'),
(191, 'rower', 'lato'),
(191, 'autobus', 'jesien'),
(191, 'autobus', 'zima'),
(192, 'pociag', 'wiosna'),
(192, 'pociag', 'lato'),
(192, 'pociag', 'jesien'),
(192, 'pociag', 'zima'),
(193, 'rower', 'wiosna'),
(193, 'rower', 'lato'),
(193, 'pociag', 'jesien'),
(193, 'pociag', 'zima'),
(194, 'tramwaj', 'wiosna'),
(194, 'rower', 'lato'),
(194, 'tramwaj', 'jesien'),
(194, 'tramwaj', 'zima'),
(195, 'samochod', 'wiosna'),
(195, 'rower', 'lato'),
(195, 'samochod', 'jesien'),
(195, 'samochod', 'zima'),
(196, 'pociag', 'wiosna'),
(196, 'pociag', 'lato'),
(196, 'pociag', 'jesien'),
(196, 'pociag', 'zima'),
(197, 'rower', 'wiosna'),
(197, 'rower', 'lato'),
(197, 'samochod', 'jesien'),
(197, 'samochod', 'zima'),
(198, 'tramwaj', 'wiosna'),
(198, 'tramwaj', 'lato'),
(198, 'tramwaj', 'jesien'),
(198, 'tramwaj', 'zima'),
(199, 'samochod', 'wiosna'),
(199, 'samochod', 'lato'),
(199, 'samochod', 'jesien'),
(199, 'samochod', 'zima'),
(200, 'tramwaj', 'wiosna'),
(200, 'tramwaj', 'lato'),
(200, 'tramwaj', 'jesien'),
(200, 'tramwaj', 'zima'),
(201, 'tramwaj', 'wiosna'),
(201, 'tramwaj', 'lato'),
(201, 'tramwaj', 'jesien'),
(201, 'tramwaj', 'zima'),
(202, 'autobus', 'wiosna'),
(202, 'autobus', 'lato'),
(202, 'autobus', 'jesien'),
(202, 'autobus', 'zima'),
(203, 'tramwaj', 'wiosna'),
(203, 'tramwaj', 'lato'),
(203, 'tramwaj', 'jesien'),
(203, 'tramwaj', 'zima'),
(204, 'rower', 'wiosna'),
(204, 'rower', 'lato'),
(204, 'tramwaj', 'jesien'),
(204, 'tramwaj', 'zima'),
(205, 'pociag', 'wiosna'),
(205, 'pociag', 'lato'),
(205, 'pociag', 'jesien'),
(205, 'pociag', 'zima'),
(206, 'rower', 'wiosna'),
(206, 'rower', 'lato'),
(206, 'rower', 'jesien'),
(206, 'tramwaj', 'zima'),
(207, 'tramwaj', 'wiosna'),
(207, 'tramwaj', 'lato'),
(207, 'tramwaj', 'jesien'),
(207, 'tramwaj', 'zima'),
(208, 'samochod', 'wiosna'),
(208, 'samochod', 'lato'),
(208, 'samochod', 'jesien'),
(208, 'samochod', 'zima'),
(209, 'autobus', 'wiosna'),
(209, 'autobus', 'lato'),
(209, 'autobus', 'jesien'),
(209, 'autobus', 'zima'),
(210, 'rower', 'wiosna'),
(210, 'rower', 'lato'),
(210, 'rower', 'jesien'),
(210, 'autobus', 'zima'),
(211, 'tramwaj', 'wiosna'),
(211, 'tramwaj', 'lato'),
(211, 'tramwaj', 'jesien'),
(211, 'tramwaj', 'zima'),
(212, 'samochod', 'wiosna'),
(212, 'samochod', 'lato'),
(212, 'samochod', 'jesien'),
(212, 'samochod', 'zima'),
(213, 'tramwaj', 'wiosna'),
(213, 'tramwaj', 'lato'),
(213, 'tramwaj', 'jesien'),
(213, 'tramwaj', 'zima'),
(214, 'tramwaj', 'wiosna'),
(214, 'tramwaj', 'lato'),
(214, 'tramwaj', 'jesien'),
(214, 'tramwaj', 'zima'),
(215, 'pociag', 'wiosna'),
(215, 'pociag', 'lato'),
(215, 'pociag', 'jesien'),
(215, 'pociag', 'zima'),
(216, 'tramwaj', 'wiosna'),
(216, 'tramwaj', 'lato'),
(216, 'tramwaj', 'jesien'),
(216, 'tramwaj', 'zima'),
(217, 'rower', 'wiosna'),
(217, 'rower', 'lato'),
(217, 'rower', 'jesien'),
(217, 'autobus', 'zima'),
(218, 'pociag', 'wiosna'),
(218, 'pociag', 'lato'),
(218, 'pociag', 'jesien'),
(218, 'pociag', 'zima'),
(219, 'rower', 'wiosna'),
(219, 'rower', 'lato'),
(219, 'rower', 'jesien'),
(219, 'autobus', 'zima'),
(220, 'tramwaj', 'wiosna'),
(220, 'tramwaj', 'lato'),
(220, 'tramwaj', 'jesien'),
(220, 'tramwaj', 'zima'),
(221, 'samochod', 'wiosna'),
(221, 'samochod', 'lato'),
(221, 'samochod', 'jesien'),
(221, 'samochod', 'zima'),
(222, 'autobus', 'wiosna'),
(222, 'autobus', 'lato'),
(222, 'autobus', 'jesien'),
(222, 'autobus', 'zima'),
(223, 'rower', 'wiosna'),
(223, 'rower', 'lato'),
(223, 'rower', 'jesien'),
(223, 'autobus', 'zima'),
(224, 'tramwaj', 'wiosna'),
(224, 'tramwaj', 'lato'),
(224, 'tramwaj', 'jesien'),
(224, 'tramwaj', 'zima'),
(225, 'samochod', 'wiosna'),
(225, 'samochod', 'lato'),
(225, 'samochod', 'jesien'),
(225, 'samochod', 'zima'),
(226, 'tramwaj', 'wiosna'),
(226, 'tramwaj', 'lato'),
(226, 'tramwaj', 'jesien'),
(226, 'tramwaj', 'zima'),
(227, 'tramwaj', 'wiosna'),
(227, 'rower', 'lato'),
(227, 'tramwaj', 'jesien'),
(227, 'tramwaj', 'zima'),
(228, 'pociag', 'wiosna'),
(228, 'pociag', 'lato'),
(228, 'pociag', 'jesien'),
(228, 'pociag', 'zima'),
(229, 'tramwaj', 'wiosna'),
(229, 'rower', 'lato'),
(229, 'tramwaj', 'jesien'),
(229, 'tramwaj', 'zima'),
(230, 'rower', 'wiosna'),
(230, 'rower', 'lato'),
(230, 'autobus', 'jesien'),
(230, 'autobus', 'zima'),
(231, 'autobus', 'wiosna'),
(231, 'autobus', 'lato'),
(231, 'autobus', 'jesien'),
(231, 'autobus', 'zima'),
(232, 'rower', 'wiosna'),
(232, 'rower', 'lato'),
(232, 'autobus', 'jesien'),
(232, 'autobus', 'zima'),
(233, 'tramwaj', 'wiosna'),
(233, 'rower', 'lato'),
(233, 'tramwaj', 'jesien'),
(233, 'tramwaj', 'zima'),
(234, 'samochod', 'wiosna'),
(234, 'samochod', 'lato'),
(234, 'samochod', 'jesien'),
(234, 'samochod', 'zima'),
(235, 'autobus', 'wiosna'),
(235, 'autobus', 'lato'),
(235, 'autobus', 'jesien'),
(235, 'autobus', 'zima'),
(236, 'rower', 'wiosna'),
(236, 'rower', 'lato'),
(236, 'autobus', 'jesien'),
(236, 'autobus', 'zima'),
(237, 'tramwaj', 'wiosna'),
(237, 'rower', 'lato'),
(237, 'tramwaj', 'jesien'),
(237, 'tramwaj', 'zima'),
(238, 'samochod', 'wiosna'),
(238, 'samochod', 'lato'),
(238, 'samochod', 'jesien'),
(238, 'samochod', 'zima'),
(239, 'tramwaj', 'wiosna'),
(239, 'rower', 'lato'),
(239, 'tramwaj', 'jesien'),
(239, 'tramwaj', 'zima'),
(240, 'tramwaj', 'wiosna'),
(240, 'tramwaj', 'lato'),
(240, 'tramwaj', 'jesien'),
(240, 'tramwaj', 'zima'),
(241, 'pociag', 'wiosna'),
(241, 'pociag', 'lato'),
(241, 'pociag', 'jesien'),
(241, 'pociag', 'zima'),
(242, 'tramwaj', 'wiosna'),
(242, 'tramwaj', 'lato'),
(242, 'tramwaj', 'jesien'),
(242, 'tramwaj', 'zima'),
(243, 'rower', 'wiosna'),
(243, 'rower', 'lato'),
(243, 'autobus', 'jesien'),
(243, 'autobus', 'zima'),
(244, 'pociag', 'wiosna'),
(244, 'pociag', 'lato'),
(244, 'pociag', 'jesien'),
(244, 'pociag', 'zima'),
(245, 'rower', 'wiosna'),
(245, 'rower', 'lato'),
(245, 'autobus', 'jesien'),
(245, 'autobus', 'zima'),
(246, 'tramwaj', 'wiosna'),
(246, 'tramwaj', 'lato'),
(246, 'tramwaj', 'jesien'),
(246, 'tramwaj', 'zima'),
(247, 'samochod', 'wiosna'),
(247, 'samochod', 'lato'),
(247, 'samochod', 'jesien'),
(247, 'samochod', 'zima'),
(248, 'autobus', 'wiosna'),
(248, 'autobus', 'lato'),
(248, 'autobus', 'jesien'),
(248, 'autobus', 'zima'),
(249, 'rower', 'wiosna'),
(249, 'rower', 'lato'),
(249, 'rower', 'jesien'),
(249, 'autobus', 'zima'),
(250, 'tramwaj', 'wiosna'),
(250, 'tramwaj', 'lato'),
(250, 'tramwaj', 'jesien'),
(250, 'tramwaj', 'zima'),
(251, 'samochod', 'wiosna'),
(251, 'samochod', 'lato'),
(251, 'samochod', 'jesien'),
(251, 'samochod', 'zima'),
(252, 'tramwaj', 'wiosna'),
(252, 'tramwaj', 'lato'),
(252, 'tramwaj', 'jesien'),
(252, 'tramwaj', 'zima'),
(253, 'tramwaj', 'wiosna'),
(253, 'tramwaj', 'lato'),
(253, 'tramwaj', 'jesien'),
(253, 'tramwaj', 'zima'),
(254, 'autobus', 'wiosna'),
(254, 'autobus', 'lato'),
(254, 'autobus', 'jesien'),
(254, 'autobus', 'zima'),
(255, 'tramwaj', 'wiosna'),
(255, 'tramwaj', 'lato'),
(255, 'tramwaj', 'jesien'),
(255, 'tramwaj', 'zima'),
(256, 'rower', 'wiosna'),
(256, 'rower', 'lato'),
(256, 'rower', 'jesien'),
(256, 'autobus', 'zima'),
(257, 'autobus', 'wiosna'),
(257, 'autobus', 'lato'),
(257, 'autobus', 'jesien'),
(257, 'autobus', 'zima'),
(258, 'rower', 'wiosna'),
(258, 'rower', 'lato'),
(258, 'rower', 'jesien'),
(258, 'autobus', 'zima'),
(259, 'tramwaj', 'wiosna'),
(259, 'tramwaj', 'lato'),
(259, 'tramwaj', 'jesien'),
(259, 'tramwaj', 'zima'),
(260, 'samochod', 'wiosna'),
(260, 'samochod', 'lato'),
(260, 'samochod', 'jesien'),
(260, 'samochod', 'zima'),
(261, 'pociag', 'wiosna'),
(261, 'autobus', 'lato'),
(261, 'autobus', 'jesien'),
(261, 'pociag', 'zima'),
(262, 'rower', 'wiosna'),
(262, 'rower', 'lato'),
(262, 'rower', 'jesien'),
(262, 'autobus', 'zima'),
(263, 'tramwaj', 'wiosna'),
(263, 'tramwaj', 'lato'),
(263, 'tramwaj', 'jesien'),
(263, 'tramwaj', 'zima'),
(264, 'samochod', 'wiosna'),
(264, 'rower', 'lato'),
(264, 'samochod', 'jesien'),
(264, 'samochod', 'zima'),
(265, 'tramwaj', 'wiosna'),
(265, 'tramwaj', 'lato'),
(265, 'tramwaj', 'jesien'),
(265, 'tramwaj', 'zima'),
(266, 'tramwaj', 'wiosna'),
(266, 'rower', 'lato'),
(266, 'tramwaj', 'jesien'),
(266, 'tramwaj', 'zima'),
(267, 'pociag', 'wiosna'),
(267, 'autobus', 'lato'),
(267, 'autobus', 'jesien'),
(267, 'pociag', 'zima'),
(268, 'tramwaj', 'wiosna'),
(268, 'rower', 'lato'),
(268, 'tramwaj', 'jesien'),
(268, 'tramwaj', 'zima'),
(269, 'rower', 'wiosna'),
(269, 'rower', 'lato'),
(269, 'autobus', 'jesien'),
(269, 'autobus', 'zima'),
(270, 'autobus', 'wiosna'),
(270, 'autobus', 'lato'),
(270, 'autobus', 'jesien'),
(270, 'autobus', 'zima'),
(271, 'rower', 'wiosna'),
(271, 'rower', 'lato'),
(271, 'autobus', 'jesien'),
(271, 'autobus', 'zima'),
(272, 'samochod', 'wiosna'),
(272, 'rower', 'lato'),
(272, 'samochod', 'jesien'),
(272, 'samochod', 'zima'),
(273, 'tramwaj', 'wiosna'),
(273, 'rower', 'lato'),
(273, 'tramwaj', 'jesien'),
(273, 'tramwaj', 'zima'),
(274, 'samochod', 'wiosna'),
(274, 'samochod', 'lato'),
(274, 'samochod', 'jesien'),
(274, 'samochod', 'zima'),
(275, 'autobus', 'wiosna'),
(275, 'autobus', 'lato'),
(275, 'autobus', 'jesien'),
(275, 'autobus', 'zima'),
(276, 'tramwaj', 'wiosna'),
(276, 'tramwaj', 'lato'),
(276, 'tramwaj', 'jesien'),
(276, 'tramwaj', 'zima'),
(277, 'rower', 'wiosna'),
(277, 'rower', 'lato'),
(277, 'autobus', 'jesien'),
(277, 'autobus', 'zima'),
(278, 'samochod', 'wiosna'),
(278, 'samochod', 'lato'),
(278, 'samochod', 'jesien'),
(278, 'samochod', 'zima'),
(279, 'autobus', 'wiosna'),
(279, 'autobus', 'lato'),
(279, 'autobus', 'jesien'),
(279, 'autobus', 'zima'),
(280, 'tramwaj', 'wiosna'),
(280, 'tramwaj', 'lato'),
(280, 'tramwaj', 'jesien'),
(280, 'tramwaj', 'zima');

-- --------------------------------------------------------

--
-- Struktura tabeli dla tabeli `osoby`
--

CREATE TABLE `osoby` (
  `id` int(10) UNSIGNED NOT NULL,
  `Hobby_id` int(10) UNSIGNED NOT NULL,
  `imie` varchar(20) DEFAULT NULL,
  `nazwisko` varchar(50) DEFAULT NULL,
  `rok_urodzenia` year(4) DEFAULT NULL,
  `opis` text DEFAULT NULL,
  `zdjecie` varchar(100) DEFAULT NULL
) ENGINE=InnoDB DEFAULT CHARSET=latin1;

--
-- Zrzut danych tabeli `osoby`
--

INSERT INTO `osoby` (`id`, `Hobby_id`, `imie`, `nazwisko`, `rok_urodzenia`, `opis`, `zdjecie`) VALUES
(2, 1, 'Monika', 'Kowalska', 1976, 'Z checia Ciebie poznam', 'osoba1.jpg'),
(3, 3, 'Jan', 'Kowalski', 2002, 'Lubie sport', 'osoba5.jpg'),
(4, 5, 'Monika', 'Nowak', 1993, 'ello', 'osoba2.jpg'),
(5, 11, 'Anna', 'Kowalska', 2002, 'Rzym jest cudny!', 'osoba3.jpg'),
(6, 6, 'Grzegorz', 'Konieczny', 1983, 'Polecam nowy procesor XS756FFT', 'osoba6.jpg'),
(7, 3, 'Monika', 'Kopacz', 2009, 'dzi? rano 5 km', 'osoba1.jpg'),
(8, 3, 'Rysiek', 'Kowalski', 1993, 'Pobiegamy razem?', 'osoba7.jpg'),
(9, 12, 'Ewa', 'Krzak', 2008, 'pozdrawiam wszystkich', 'osoba1.jpg'),
(10, 3, 'Roksana', 'Rybnik', 1995, 'pozdrawiam', 'osoba3.jpg'),
(11, 15, 'Grzegorz', 'Roh', 1983, 'Poszukuje znaczkow z 1967 roku', 'osoba6.jpg'),
(12, 11, 'Monika', 'Kowalewska', 1976, 'Z checi? Ciebie poznam', 'osoba1.jpg'),
(13, 16, 'Jan', 'Trzeciak', 2006, 'moje nowe dzielo', 'osoba5.jpg'),
(14, 5, 'Joanna', 'Rysik', 1993, 'hej1', 'osoba2.jpg'),
(15, 10, 'Anna', 'Kownacka', 2003, 'Szukam przyjaciol', 'osoba3.jpg'),
(16, 6, 'Grzegorz', 'Konieczny', 1983, 'Polecam nowy procesor XS756FFT', 'osoba6.jpg'),
(17, 1, 'Monika', 'Lewandowska', 1967, 'slucham Rocka', 'osoba4.jpg'),
(18, 3, 'Ernest', 'Lubomirski', 2004, 'Pobiegamy razem?', 'osoba8.jpg'),
(19, 6, 'Monika', 'Nowak', 1993, 'ello', 'osoba2.jpg'),
(20, 6, 'Anna', 'Kowalska', 2002, 'Rzym jest cudny!', 'osoba3.jpg'),
(21, 6, 'Grzegorz', 'Konieczny', 1983, 'Polecam nowy procesor XS756FFT', 'osoba6.jpg'),
(22, 2, 'Monika', 'Kowalska', 1976, 'Z checia Ciebie poznam', 'osoba1.jpg'),
(23, 3, 'Jan', 'Kowalski', 2002, 'Lubie sport', 'osoba5.jpg'),
(24, 3, 'Monika', 'Nowak', 1993, 'ello', 'osoba2.jpg'),
(25, 4, 'Anna', 'Kowalska', 2002, 'Rzym jest cudny!', 'osoba3.jpg'),
(26, 5, 'Grzegorz', 'Konieczny', 1983, 'Polecam nowy procesor XS756FFT', 'osoba6.jpg'),
(27, 6, 'Monika', 'Kopacz', 2009, 'dzi? rano 5 km', 'osoba1.jpg'),
(28, 7, 'Rysiek', 'Kowalski', 1993, 'Pobiegamy razem?', 'osoba7.jpg'),
(29, 7, 'Ewa', 'Krzak', 2008, 'pozdrawiam wszystkich', 'osoba1.jpg'),
(30, 8, 'Roksana', 'Rybnik', 1995, 'pozdrawiam', 'osoba3.jpg'),
(31, 8, 'Grzegorz', 'Roh', 1983, 'Poszukuje znaczkow z 1967 roku', 'osoba6.jpg'),
(32, 9, 'Monika', 'Kowalewska', 1976, 'Z checi? Ciebie poznam', 'osoba1.jpg'),
(33, 12, 'Jan', 'Trzeciak', 2006, 'moje nowe dzielo', 'osoba5.jpg'),
(34, 13, 'Joanna', 'Rysik', 1993, 'hej1', 'osoba2.jpg'),
(35, 14, 'Anna', 'Kownacka', 2003, 'Szukam przyjaciol', 'osoba3.jpg'),
(36, 15, 'Grzegorz', 'Konieczny', 1983, 'Polecam nowy procesor XS756FFT', 'osoba6.jpg'),
(37, 1, 'Monika', 'Lewandowska', 1967, 'slucham Rocka', 'osoba4.jpg'),
(38, 3, 'Ernest', 'Lubomirski', 2004, 'Pobiegamy razem?', 'osoba8.jpg'),
(39, 6, 'Monika', 'Nowak', 1993, 'ello', 'osoba2.jpg'),
(40, 6, 'Anna', 'Kowalska', 2002, 'Rzym jest cudny!', 'osoba3.jpg'),
(41, 6, 'Grzegorz', 'Konieczny', 1983, 'Polecam nowy procesor XS756FFT', 'osoba6.jpg');

-- --------------------------------------------------------

--
-- Struktura tabeli dla tabeli `producenci`
--

CREATE TABLE `producenci` (
  `id` int(10) UNSIGNED NOT NULL,
  `nazwa` varchar(100) DEFAULT NULL,
  `adres` varchar(100) DEFAULT NULL,
  `miasto` varchar(20) DEFAULT NULL,
  `rokWspolpraca` year(4) DEFAULT NULL
) ENGINE=InnoDB DEFAULT CHARSET=latin1;

-- --------------------------------------------------------

--
-- Struktura tabeli dla tabeli `produkty`
--

CREATE TABLE `produkty` (
  `id` int(10) UNSIGNED NOT NULL,
  `Rodzaje_id` int(10) UNSIGNED NOT NULL,
  `Producenci_id` int(10) UNSIGNED NOT NULL,
  `nazwa` varchar(100) DEFAULT NULL,
  `ilosc` double DEFAULT NULL,
  `opis` text DEFAULT NULL,
  `cena` double DEFAULT NULL,
  `zdjecie` varchar(100) DEFAULT NULL
) ENGINE=InnoDB DEFAULT CHARSET=latin1;

-- --------------------------------------------------------

--
-- Struktura tabeli dla tabeli `rodzaje`
--

CREATE TABLE `rodzaje` (
  `id` int(10) UNSIGNED NOT NULL,
  `nazwa` varchar(50) DEFAULT NULL
) ENGINE=InnoDB DEFAULT CHARSET=latin1;

-- --------------------------------------------------------

--
-- Struktura tabeli dla tabeli `zainteresowania`
--

CREATE TABLE `zainteresowania` (
  `Id_ank` int(11) DEFAULT NULL,
  `Zainteresowania` varchar(15) DEFAULT NULL
) ENGINE=InnoDB DEFAULT CHARSET=utf8;

--
-- Zrzut danych tabeli `zainteresowania`
--

INSERT INTO `zainteresowania` (`Id_ank`, `Zainteresowania`) VALUES
(14, 'polityka'),
(254, 'muzyka'),
(201, 'jezyki'),
(147, 'gry komputerowe'),
(232, 'jezyki'),
(74, 'matematyka'),
(165, 'turystyka'),
(56, 'sport'),
(219, 'informatyka'),
(52, 'turystyka'),
(128, 'jezyki'),
(280, 'matematyka'),
(126, 'muzyka'),
(143, 'gry komputerowe'),
(214, 'informatyka'),
(130, 'gry komputerowe'),
(223, 'turystyka'),
(207, 'matematyka'),
(51, 'informatyka'),
(276, 'sport'),
(104, 'taniec'),
(279, 'matematyka'),
(196, 'turystyka'),
(119, 'polityka'),
(22, 'muzyka'),
(16, 'turystyka'),
(77, 'turystyka'),
(148, 'turystyka'),
(101, 'sport'),
(149, 'jezyki'),
(203, 'turystyka'),
(211, 'sport'),
(97, 'matematyka'),
(114, 'turystyka'),
(145, 'jezyki'),
(75, 'taniec'),
(260, 'sport'),
(234, 'jezyki'),
(250, 'informatyka'),
(175, 'gry komputerowe'),
(277, 'polityka'),
(218, 'polityka'),
(139, 'turystyka'),
(23, 'informatyka'),
(184, 'taniec'),
(156, 'turystyka'),
(253, 'informatyka'),
(30, 'informatyka'),
(136, 'jezyki'),
(182, 'muzyka'),
(9, 'polityka'),
(173, 'jezyki'),
(84, 'muzyka'),
(19, 'turystyka'),
(243, 'muzyka'),
(264, 'polityka'),
(103, 'polityka'),
(161, 'turystyka'),
(235, 'informatyka'),
(258, 'sport'),
(85, 'gry komputerowe'),
(237, 'turystyka'),
(57, 'matematyka'),
(47, 'matematyka'),
(127, 'gry komputerowe'),
(99, 'jezyki'),
(191, 'muzyka'),
(206, 'gry komputerowe'),
(110, 'jezyki'),
(113, 'polityka'),
(53, 'jezyki'),
(32, 'jezyki'),
(33, 'turystyka'),
(210, 'muzyka'),
(91, 'sport'),
(112, 'muzyka'),
(5, 'turystyka'),
(262, 'polityka'),
(46, 'informatyka'),
(105, 'jezyki'),
(178, 'gry komputerowe'),
(123, 'turystyka'),
(199, 'turystyka'),
(70, 'jezyki'),
(67, 'muzyka'),
(153, 'muzyka'),
(190, 'jezyki'),
(76, 'matematyka'),
(146, 'muzyka'),
(244, 'sport'),
(41, 'sport'),
(205, 'informatyka'),
(198, 'muzyka'),
(124, 'jezyki'),
(204, 'jezyki'),
(241, 'polityka'),
(88, 'gry komputerowe'),
(132, 'jezyki'),
(6, 'muzyka'),
(212, 'matematyka'),
(272, 'sport'),
(179, 'gry komputerowe'),
(64, 'sport'),
(60, 'polityka'),
(185, 'jezyki'),
(202, 'muzyka'),
(171, 'muzyka'),
(58, 'polityka'),
(39, 'muzyka'),
(188, 'gry komputerowe'),
(168, 'jezyki'),
(208, 'sport'),
(160, 'jezyki'),
(170, 'jezyki'),
(100, 'turystyka'),
(36, 'informatyka'),
(251, 'matematyka'),
(62, 'matematyka'),
(95, 'turystyka'),
(108, 'muzyka'),
(15, 'informatyka'),
(166, 'jezyki'),
(186, 'gry komputerowe'),
(18, 'matematyka'),
(40, 'sport'),
(54, 'sport'),
(152, 'jezyki'),
(82, 'muzyka'),
(239, 'muzyka'),
(4, 'sport'),
(224, 'jezyki'),
(150, 'muzyka'),
(86, 'informatyka'),
(255, 'informatyka'),
(249, 'muzyka'),
(120, 'turystyka'),
(44, 'jezyki'),
(174, 'muzyka'),
(138, 'gry komputerowe'),
(159, 'gry komputerowe'),
(66, 'matematyka'),
(71, 'turystyka'),
(17, 'informatyka'),
(195, 'muzyka'),
(238, 'muzyka'),
(162, 'gry komputerowe'),
(92, 'turystyka'),
(261, 'matematyka'),
(134, 'gry komputerowe'),
(222, 'matematyka'),
(27, 'gry komputerowe'),
(269, 'gry komputerowe'),
(35, 'muzyka'),
(213, 'polityka'),
(50, 'muzyka'),
(61, 'matematyka'),
(257, 'jezyki'),
(90, 'muzyka'),
(233, 'taniec'),
(275, 'informatyka'),
(197, 'jezyki'),
(29, 'informatyka'),
(87, 'polityka'),
(81, 'jezyki'),
(144, 'turystyka'),
(1, 'informatyka'),
(55, 'gry komputerowe'),
(187, 'muzyka'),
(72, 'jezyki'),
(193, 'turystyka'),
(252, 'informatyka'),
(122, 'turystyka'),
(227, 'taniec'),
(265, 'matematyka'),
(164, 'polityka'),
(68, 'sport'),
(121, 'jezyki'),
(11, 'turystyka'),
(240, 'informatyka'),
(37, 'polityka'),
(226, 'muzyka'),
(140, 'jezyki'),
(259, 'gry komputerowe'),
(157, 'jezyki'),
(209, 'turystyka'),
(8, 'matematyka'),
(7, 'sport'),
(45, 'muzyka'),
(117, 'gry komputerowe'),
(25, 'polityka'),
(133, 'gry komputerowe'),
(236, 'gry komputerowe'),
(137, 'muzyka'),
(256, 'turystyka'),
(172, 'gry komputerowe'),
(183, 'gry komputerowe'),
(268, 'sport'),
(217, 'polityka'),
(200, 'jezyki'),
(63, 'jezyki'),
(194, 'jezyki'),
(42, 'sport'),
(10, 'informatyka'),
(118, 'muzyka'),
(83, 'gry komputerowe'),
(270, 'matematyka'),
(129, 'gry komputerowe'),
(180, 'turystyka'),
(229, 'polityka'),
(247, 'polityka'),
(248, 'jezyki'),
(94, 'polityka'),
(12, 'polityka'),
(78, 'matematyka'),
(111, 'gry komputerowe'),
(115, 'jezyki'),
(169, 'turystyka'),
(13, 'polityka'),
(231, 'gry komputerowe'),
(96, 'polityka'),
(155, 'jezyki'),
(151, 'turystyka'),
(225, 'matematyka'),
(220, 'turystyka'),
(189, 'turystyka'),
(131, 'turystyka'),
(242, 'turystyka'),
(177, 'jezyki'),
(98, 'gry komputerowe'),
(102, 'gry komputerowe'),
(141, 'gry komputerowe'),
(215, 'turystyka'),
(263, 'informatyka'),
(73, 'matematyka'),
(107, 'jezyki'),
(28, 'jezyki'),
(20, 'matematyka'),
(267, 'jezyki'),
(79, 'gry komputerowe'),
(274, 'matematyka'),
(80, 'muzyka'),
(65, 'gry komputerowe'),
(154, 'turystyka'),
(142, 'muzyka'),
(43, 'polityka'),
(271, 'muzyka'),
(59, 'informatyka'),
(109, 'gry komputerowe'),
(135, 'turystyka'),
(31, 'jezyki'),
(24, 'informatyka'),
(230, 'sport'),
(216, 'polityka'),
(163, 'muzyka'),
(38, 'turystyka'),
(167, 'turystyka'),
(34, 'muzyka'),
(106, 'sport'),
(116, 'turystyka'),
(246, 'sport'),
(125, 'jezyki'),
(3, 'matematyka'),
(221, 'informatyka'),
(69, 'sport'),
(181, 'jezyki'),
(245, 'sport'),
(278, 'polityka'),
(192, 'gry komputerowe'),
(273, 'polityka'),
(176, 'turystyka'),
(2, 'gry komputerowe'),
(48, 'informatyka'),
(266, 'matematyka'),
(228, 'informatyka'),
(21, 'jezyki'),
(158, 'muzyka'),
(93, 'muzyka'),
(49, 'informatyka'),
(26, 'sport'),
(89, 'sport'),
(14, 'film'),
(254, 'matematyka'),
(201, 'sport'),
(147, 'ksiazki'),
(232, 'wedkarstwo'),
(74, 'turystyka'),
(165, 'wedkarstwo'),
(56, 'polityka'),
(219, 'taniec'),
(52, 'ksiazki'),
(128, 'film'),
(280, 'ksiazki'),
(126, 'sport'),
(143, 'polityka'),
(214, 'matematyka'),
(130, 'polityka'),
(223, 'wedkarstwo'),
(207, 'sport'),
(51, 'ksiazki'),
(276, 'wedkarstwo'),
(104, 'informatyka'),
(279, 'wedkarstwo'),
(196, 'film'),
(119, 'wedkarstwo'),
(22, 'ksiazki'),
(16, 'ksiazki'),
(77, 'polityka'),
(148, 'taniec'),
(101, 'film'),
(149, 'ksiazki'),
(203, 'polityka'),
(211, 'turystyka'),
(97, 'wedkarstwo'),
(114, 'matematyka'),
(145, 'sport'),
(75, 'gry komputerowe'),
(260, 'ksiazki'),
(234, 'ksiazki'),
(250, 'film'),
(175, 'ksiazki'),
(277, 'wedkarstwo'),
(218, 'taniec'),
(139, 'wedkarstwo'),
(23, 'ksiazki'),
(184, 'matematyka'),
(156, 'ksiazki'),
(253, 'sport'),
(30, 'polityka'),
(136, 'wedkarstwo'),
(182, 'gry komputerowe'),
(9, 'ksiazki'),
(173, 'taniec'),
(84, 'film'),
(19, 'jezyki'),
(243, 'taniec'),
(264, 'matematyka'),
(103, 'sport'),
(161, 'ksiazki'),
(235, 'turystyka'),
(258, 'polityka'),
(85, 'wedkarstwo'),
(237, 'matematyka'),
(57, 'turystyka'),
(47, 'gry komputerowe'),
(127, 'ksiazki'),
(99, 'film'),
(191, 'polityka'),
(206, 'ksiazki'),
(110, 'taniec'),
(113, 'matematyka'),
(53, 'ksiazki'),
(32, 'wedkarstwo'),
(33, 'jezyki'),
(210, 'taniec'),
(112, 'ksiazki'),
(5, 'sport'),
(262, 'film'),
(46, 'matematyka'),
(105, 'gry komputerowe'),
(123, 'wedkarstwo'),
(199, 'film'),
(70, 'matematyka'),
(67, 'matematyka'),
(153, 'taniec'),
(190, 'turystyka'),
(76, 'ksiazki'),
(146, 'sport'),
(244, 'ksiazki'),
(205, 'matematyka'),
(198, 'jezyki'),
(124, 'sport'),
(204, 'matematyka'),
(241, 'sport'),
(88, 'jezyki'),
(132, 'sport'),
(6, 'taniec'),
(212, 'ksiazki'),
(272, 'film'),
(60, 'matematyka'),
(185, 'turystyka'),
(171, 'matematyka'),
(58, 'ksiazki'),
(39, 'turystyka'),
(168, 'sport'),
(208, 'film'),
(170, 'matematyka'),
(100, 'sport'),
(36, 'wedkarstwo'),
(251, 'sport'),
(62, 'jezyki'),
(95, 'sport'),
(108, 'ksiazki'),
(166, 'muzyka'),
(18, 'polityka'),
(40, 'turystyka'),
(54, 'taniec'),
(152, 'turystyka'),
(82, 'taniec'),
(239, 'matematyka'),
(224, 'ksiazki'),
(150, 'turystyka'),
(255, 'gry komputerowe'),
(249, 'sport'),
(120, 'polityka'),
(44, 'turystyka'),
(174, 'sport'),
(138, 'wedkarstwo'),
(66, 'ksiazki'),
(71, 'jezyki'),
(17, 'polityka'),
(238, 'jezyki'),
(92, 'matematyka'),
(261, 'sport'),
(222, 'muzyka'),
(269, 'polityka'),
(35, 'film'),
(213, 'turystyka'),
(50, 'taniec'),
(257, 'ksiazki'),
(90, 'polityka'),
(233, 'polityka'),
(275, 'ksiazki'),
(197, 'taniec'),
(29, 'muzyka'),
(87, 'jezyki'),
(81, 'ksiazki'),
(144, 'taniec'),
(55, 'sport'),
(72, 'ksiazki'),
(193, 'jezyki'),
(227, 'matematyka'),
(164, 'film'),
(68, 'wedkarstwo'),
(11, 'jezyki'),
(240, 'matematyka'),
(37, 'ksiazki'),
(226, 'polityka'),
(140, 'sport'),
(259, 'muzyka'),
(209, 'ksiazki'),
(7, 'muzyka'),
(45, 'ksiazki'),
(133, 'wedkarstwo'),
(256, 'sport'),
(172, 'matematyka'),
(183, 'ksiazki'),
(268, 'taniec'),
(217, 'film'),
(200, 'polityka'),
(194, 'polityka'),
(42, 'wedkarstwo'),
(10, 'muzyka'),
(83, 'matematyka'),
(270, 'polityka'),
(129, 'muzyka'),
(229, 'ksiazki'),
(247, 'sport'),
(248, 'polityka'),
(78, 'film'),
(169, 'ksiazki'),
(13, 'jezyki'),
(231, 'sport'),
(155, 'polityka'),
(225, 'wedkarstwo'),
(220, 'taniec'),
(189, 'film'),
(131, 'ksiazki'),
(242, 'film'),
(177, 'film'),
(98, 'film'),
(102, 'muzyka'),
(215, 'ksiazki'),
(263, 'ksiazki'),
(107, 'polityka'),
(20, 'film'),
(79, 'taniec'),
(274, 'muzyka'),
(80, 'jezyki'),
(142, 'jezyki'),
(43, 'film'),
(271, 'ksiazki'),
(109, 'ksiazki'),
(135, 'wedkarstwo'),
(24, 'matematyka'),
(216, 'sport'),
(38, 'ksiazki'),
(34, 'taniec'),
(246, 'film'),
(125, 'taniec'),
(3, 'muzyka'),
(69, 'ksiazki'),
(245, 'taniec'),
(192, 'matematyka'),
(48, 'ksiazki'),
(228, 'sport'),
(21, 'taniec'),
(158, 'ksiazki'),
(93, 'film'),
(49, 'muzyka'),
(26, 'wedkarstwo'),
(89, 'film'),
(14, 'sport'),
(254, 'turystyka'),
(147, 'muzyka'),
(165, 'film'),
(126, 'taniec'),
(214, 'wedkarstwo'),
(130, 'muzyka'),
(279, 'ksiazki'),
(16, 'sport'),
(101, 'wedkarstwo'),
(211, 'ksiazki'),
(114, 'polityka'),
(75, 'ksiazki'),
(234, 'taniec'),
(277, 'ksiazki'),
(184, 'informatyka'),
(84, 'turystyka'),
(264, 'film'),
(161, 'taniec'),
(57, 'ksiazki'),
(191, 'taniec'),
(113, 'jezyki'),
(32, 'film'),
(262, 'matematyka'),
(105, 'wedkarstwo'),
(190, 'ksiazki'),
(64, 'film'),
(185, 'muzyka'),
(39, 'taniec'),
(208, 'gry komputerowe'),
(100, 'jezyki'),
(62, 'sport'),
(18, 'film'),
(152, 'muzyka'),
(150, 'sport'),
(44, 'ksiazki'),
(174, 'taniec'),
(71, 'matematyka'),
(238, 'sport'),
(92, 'taniec'),
(35, 'sport'),
(233, 'sport'),
(275, 'polityka'),
(29, 'film'),
(55, 'matematyka'),
(72, 'sport'),
(227, 'informatyka'),
(259, 'matematyka'),
(209, 'sport'),
(133, 'film'),
(256, 'jezyki'),
(10, 'jezyki'),
(247, 'ksiazki'),
(169, 'taniec'),
(225, 'film'),
(189, 'polityka'),
(131, 'film'),
(102, 'matematyka'),
(20, 'muzyka'),
(79, 'film'),
(80, 'ksiazki'),
(142, 'sport'),
(216, 'muzyka'),
(38, 'film'),
(246, 'ksiazki'),
(3, 'jezyki'),
(69, 'film'),
(192, 'taniec'),
(48, 'film'),
(228, 'taniec'),
(93, 'jezyki'),
(49, 'matematyka');

--
-- Indeksy dla zrzutów tabel
--

--
-- Indeksy dla tabeli `ankieta`
--
ALTER TABLE `ankieta`
  ADD PRIMARY KEY (`Id`);

--
-- Indeksy dla tabeli `hobby`
--
ALTER TABLE `hobby`
  ADD PRIMARY KEY (`id`);

--
-- Indeksy dla tabeli `lokata`
--
ALTER TABLE `lokata`
  ADD KEY `Id` (`Id_ank`);

--
-- Indeksy dla tabeli `osoby`
--
ALTER TABLE `osoby`
  ADD PRIMARY KEY (`id`);

--
-- Indeksy dla tabeli `producenci`
--
ALTER TABLE `producenci`
  ADD PRIMARY KEY (`id`);

--
-- Indeksy dla tabeli `produkty`
--
ALTER TABLE `produkty`
  ADD PRIMARY KEY (`id`);

--
-- Indeksy dla tabeli `rodzaje`
--
ALTER TABLE `rodzaje`
  ADD PRIMARY KEY (`id`);

--
-- Indeksy dla tabeli `zainteresowania`
--
ALTER TABLE `zainteresowania`
  ADD KEY `Id` (`Id_ank`);

--
-- AUTO_INCREMENT dla zrzuconych tabel
--

--
-- AUTO_INCREMENT dla tabeli `ankieta`
--
ALTER TABLE `ankieta`
  MODIFY `Id` int(11) NOT NULL AUTO_INCREMENT, AUTO_INCREMENT=281;

--
-- AUTO_INCREMENT dla tabeli `hobby`
--
ALTER TABLE `hobby`
  MODIFY `id` int(10) UNSIGNED NOT NULL AUTO_INCREMENT, AUTO_INCREMENT=17;

--
-- AUTO_INCREMENT dla tabeli `osoby`
--
ALTER TABLE `osoby`
  MODIFY `id` int(10) UNSIGNED NOT NULL AUTO_INCREMENT, AUTO_INCREMENT=42;

--
-- AUTO_INCREMENT dla tabeli `producenci`
--
ALTER TABLE `producenci`
  MODIFY `id` int(10) UNSIGNED NOT NULL AUTO_INCREMENT;

--
-- AUTO_INCREMENT dla tabeli `produkty`
--
ALTER TABLE `produkty`
  MODIFY `id` int(10) UNSIGNED NOT NULL AUTO_INCREMENT;

--
-- AUTO_INCREMENT dla tabeli `rodzaje`
--
ALTER TABLE `rodzaje`
  MODIFY `id` int(10) UNSIGNED NOT NULL AUTO_INCREMENT;

--
-- Ograniczenia dla zrzutów tabel
--

--
-- Ograniczenia dla tabeli `lokata`
--
ALTER TABLE `lokata`
  ADD CONSTRAINT `lokata_ibfk_1` FOREIGN KEY (`Id_ank`) REFERENCES `ankieta` (`Id`);

--
-- Ograniczenia dla tabeli `zainteresowania`
--
ALTER TABLE `zainteresowania`
  ADD CONSTRAINT `zainteresowania_ibfk_1` FOREIGN KEY (`Id_ank`) REFERENCES `ankieta` (`Id`);
COMMIT;

/*!40101 SET CHARACTER_SET_CLIENT=@OLD_CHARACTER_SET_CLIENT */;
/*!40101 SET CHARACTER_SET_RESULTS=@OLD_CHARACTER_SET_RESULTS */;
/*!40101 SET COLLATION_CONNECTION=@OLD_COLLATION_CONNECTION */;
