-- phpMyAdmin SQL Dump
-- version 5.1.1
-- https://www.phpmyadmin.net/
--
-- Host: localhost
-- Generation Time: Sep 21, 2021 at 11:41 AM
-- Server version: 10.4.20-MariaDB
-- PHP Version: 8.0.8

SET SQL_MODE = "NO_AUTO_VALUE_ON_ZERO";
START TRANSACTION;
SET time_zone = "+00:00";


/*!40101 SET @OLD_CHARACTER_SET_CLIENT=@@CHARACTER_SET_CLIENT */;
/*!40101 SET @OLD_CHARACTER_SET_RESULTS=@@CHARACTER_SET_RESULTS */;
/*!40101 SET @OLD_COLLATION_CONNECTION=@@COLLATION_CONNECTION */;
/*!40101 SET NAMES utf8mb4 */;

--
-- Database: `Sklep internetowy`
--

-- --------------------------------------------------------

--
-- Table structure for table `klienci`
--

CREATE TABLE `klienci` (
  `id_klienta` char(5) CHARACTER SET utf8 COLLATE utf8_polish_ci NOT NULL,
  `imie` varchar(32) NOT NULL,
  `nazwisko` varchar(64) NOT NULL
) ENGINE=InnoDB DEFAULT CHARSET=utf8mb4;

--
-- Dumping data for table `klienci`
--

INSERT INTO `klienci` (`id_klienta`, `imie`, `nazwisko`) VALUES
('AB514', 'Andrzej', 'Baran'),
('AB673', 'Agnieszka', 'Borzocka'),
('AB679', 'Albert', 'Banach'),
('AB683', 'Aleksander', 'Belka'),
('AB721', 'Antoni', 'Borek'),
('AB802', 'Antoni', 'Bor'),
('AB877', 'Alicja', 'Borkowska'),
('AF446', 'Antoni', 'Falski'),
('AF560', 'Alina', 'Felisiak'),
('AG136', 'Adam', 'Graba'),
('AK436', 'Anna', 'Knap'),
('AK485', 'Agata', 'Kalicka'),
('AK530', 'Anna', 'Kowalska'),
('AK651', 'Andrzej', 'Krata'),
('AK689', 'Anna', 'Kotnicka'),
('AK935', 'Andrzej', 'Koza'),
('AL097', 'Amanda', 'Leszcz'),
('AN852', 'Agnieszka', 'Nowa'),
('AN941', 'Andrzej', 'Nowak'),
('AS370', 'Arkadiusz', 'Sanocki'),
('AS512', 'Alicja', 'Sznuk'),
('AS921', 'Albin', 'Szary'),
('AW703', 'Antoni', 'Welc'),
('AZ025', 'Andrzej', 'Zdunek'),
('AZ370', 'Andrzej', 'Zawich'),
('AZ838', 'Anna', 'Zender'),
('AZ877', 'Anna', 'Zakopianska'),
('BB193', 'Bartosz', 'Biedal'),
('BB759', 'Beata', 'Brun'),
('BH859', 'Barnaba', 'Hall'),
('BK241', 'Beata', 'Kawa'),
('BL202', 'Baltazar', 'Legieski'),
('BM205', 'Baltazar', 'Mogilny'),
('BM408', 'Beata', 'Malinowska'),
('BM497', 'Bernard', 'Myszor'),
('BO959', 'Beata', 'Olszowka'),
('BP518', 'Boleslaw', 'Piec'),
('BS343', 'Bernard', 'Skalski'),
('BS596', 'Benedykt', 'Sieradzki'),
('BS802', 'Beata', 'Szrama'),
('BW305', 'Barnaba', 'Waniek'),
('CG130', 'Cezary', 'Gliwicki'),
('CL6', 'Cyryl', 'Leginski'),
('DG587', 'Dariusz', 'Gondek'),
('DJ666', 'Danuta', 'Jarocka'),
('DK104', 'Dominika', 'Koniska'),
('DM646', 'Daria', 'Modrzewska'),
('DP689', 'Danuta', 'Piaskowa'),
('EB376', 'Ewa', 'Borowska'),
('ED794', 'Ewa', 'Dziuk'),
('EK143', 'Edward', 'Kos'),
('EK411', 'Edyta', 'Kaczor'),
('EK805', 'Ewaryst', 'Kosowicz'),
('EK855', 'Ewa', 'Korek'),
('EL635', 'Eryk', 'Legienski'),
('EM294', 'Ewelina', 'Maszka'),
('EM686', 'Edyta', 'Moskwa'),
('ES980', 'Ewelina', 'Sosna'),
('EW677', 'Edward', 'Wilecki'),
('FB859', 'Felicja', 'Bogdanska'),
('FG613', 'Felicjan', 'Gliwicki'),
('FS911', 'Feliks', 'Stary'),
('FW613', 'Feliks', 'Wysoki'),
('GL485', 'Genowefa', 'Leszczynska'),
('GL783', 'Genowefa', 'Legnicka'),
('HB689', 'Henryk', 'Boryszewski'),
('HB944', 'Henryk', 'Bienkowski'),
('HK046', 'Hilary', 'Kosz'),
('HK463', 'Hanna', 'Koronowska'),
('HL305', 'Helena', 'Lublinski'),
('HL925', 'Henryk', 'Lesz'),
('HL980', 'Hilary', 'Lesnicki'),
('HP518', 'Hanna', 'Poniatowa'),
('HP859', 'Honorata', 'Piszowa'),
('HS454', 'Honorata', 'Sosnicka'),
('HS605', 'Herbert', 'Suchorski'),
('HT909', 'Halina', 'Tucholska'),
('IB428', 'Izabela', 'Bogdanek'),
('IK957', 'Inez', 'Kogut'),
('IM433', 'Iwo', 'Malicki'),
('IO322', 'Inez', 'Olszewska'),
('JB243', 'Julian', 'Bok'),
('JB611', 'Jan', 'Barlinek'),
('JB645', 'Jadwiga', 'Boniecka'),
('JF461', 'Jakub', 'Famura'),
('JH957', 'Jan', 'Homan'),
('JJ331', 'Janusz', 'Jowialski'),
('JJ420', 'Justyna', 'Jankowska'),
('JJ613', 'Janusz', 'Jurecki'),
('JK086', 'Jakub', 'Kaliski'),
('JK253', 'Jan', 'Kopacz'),
('JK619', 'Jan', 'Kornik'),
('JK897', 'Jadwiga', 'Kowalik'),
('JK901', 'Jan', 'Kolar'),
('JM370', 'Jerzy', 'Maczek'),
('JN737', 'Jan', 'Nancki'),
('JO585', 'Janusz', 'Orlicki'),
('JO630', 'Juliusz', 'Opolski'),
('JO931', 'Jan', 'Opolski'),
('JP555', 'Jan', 'Piekarski'),
('JR274', 'Joanna', 'Rynska'),
('JR765', 'Jakub', 'Rosz'),
('JS561', 'Jerzy', 'Szybki'),
('JS823', 'Julian', 'Sulejman'),
('JW868', 'Julia', 'Wolicka'),
('JZ427', 'Jan', 'Zaczyk'),
('JZ669', 'Juliusz', 'Zakopany'),
('KB202', 'Karol', 'Bobrowski'),
('KB248', 'Karolina', 'Borowska'),
('KG154', 'Krystian', 'Garnek'),
('KH743', 'Karol', 'Helecki'),
('KJ646', 'Karolina', 'Janik'),
('KK399', 'Karol', 'Krol'),
('KK736', 'Katarzyna', 'Kwiatkowska'),
('KK743', 'Karol', 'Koncewicz'),
('KK813', 'Krzysztof', 'Kania'),
('KP135', 'Kajetan', 'Papaja'),
('KP751', 'Katarzyna', 'Pobier'),
('KT061', 'Karol', 'Tysz'),
('KW596', 'Karol', 'Winnicki'),
('KW670', 'Karol', 'Warszawski'),
('KW801', 'Krzysztof', 'Wnuk'),
('KZ596', 'Karolina', 'Zakop'),
('KZ630', 'Kinga', 'Zdun'),
('KZ654', 'Krystyna', 'Zdunek'),
('LL084', 'Lucjan', 'Legionowski'),
('LL879', 'Lucyna', 'Lalek'),
('LW238', 'Lucyna', 'Wrona'),
('MB485', 'Mariusz', 'Borucki'),
('MB603', 'Mateusz', 'Bikot'),
('MB630', 'Mateusz', 'Bielacki'),
('MB909', 'Maria', 'Bogata'),
('MC265', 'Martyna', 'Czerska'),
('MD631', 'Marek', 'Drozd'),
('MJ980', 'Marceli', 'Jaworzniacki'),
('MK151', 'Marek', 'Kraska'),
('MK384', 'Mateusz', 'Karty'),
('MK651', 'Marek', 'Kopacki'),
('MK912', 'Mariusz', 'Kart'),
('ML013', 'Martyna', 'Lesno'),
('ML454', 'Martyna', 'Legiowska'),
('MM926', 'Monika', 'Marczewska'),
('MO607', 'Maria', 'Oposka'),
('MP056', 'Marceli', 'Porajski'),
('MS545', 'Maksymilian', 'Stuhr'),
('MS901', 'Mateusz', 'Snopek'),
('MS917', 'Michal', 'Sawicki'),
('MW455', 'Marceli', 'Warszawski'),
('MW741', 'Marek', 'Wyszomirski'),
('NB013', 'Nina', 'Borkowa'),
('NN413', 'Nina', 'Nowacka'),
('OP885', 'Oleg', 'Protasow'),
('PD759', 'Piotr', 'Dulski'),
('PG010', 'Pelagia', 'Gryficka'),
('PG448', 'Piotr', 'Gniewny'),
('PM337', 'Piotr', 'Malicki'),
('PM997', 'Piotr', 'Miklis'),
('PP548', 'Piotr', 'Pronski'),
('PP802', 'Piotr', 'Podlesicki'),
('PS069', 'Pawel', 'Sardo'),
('PS145', 'Piotr', 'Siwek'),
('PW634', 'Pelagia', 'Wronska'),
('RW013', 'Ryszard', 'Wojak'),
('RW293', 'Rajmund', 'Warszawski'),
('RW437', 'Roman', 'Warszawski'),
('RZ166', 'Rajmund', 'Zawichoski'),
('SO683', 'Szymon', 'Obor'),
('SS283', 'Sebastian', 'Stoch'),
('SS673', 'Szymon', 'Siedlecki'),
('SW504', 'Sonia', 'Walczak'),
('TB293', 'Tytus', 'Bob'),
('TC563', 'Tytus', 'Chmiel'),
('TG008', 'Tomasz', 'Gdynski'),
('TL518', 'Tymoteusz', 'Legierski'),
('TO616', 'Tytus', 'Opolanin'),
('TR502', 'Tymoteusz', 'Rudy'),
('TW581', 'Tadeusz', 'Wojciechowski'),
('TW624', 'Tomasz', 'Walczyk'),
('UC613', 'Urszula', 'Chwat'),
('UW222', 'Urszula', 'Warta'),
('WL202', 'Wieslaw', 'Lewicki'),
('WL869', 'Walery', 'Legieski'),
('WM980', 'Wojciech', 'Maly'),
('WP281', 'Wojciech', 'Pasternak'),
('WR305', 'Walery', 'Radomski'),
('WW133', 'Wiktoria', 'Wach'),
('WW293', 'Wanda', 'Wesolek'),
('WW713', 'Wojciech', 'Wicher'),
('ZK088', 'Zofia', 'Kwiatkowska');

-- --------------------------------------------------------

--
-- Table structure for table `produkty`
--

CREATE TABLE `produkty` (
  `id_produktu` int(11) NOT NULL,
  `nazwa_produktu` varchar(128) NOT NULL,
  `gupa_towarowa` varchar(128) NOT NULL,
  `producent` varchar(32) NOT NULL,
  `cena_brutto` float NOT NULL
) ENGINE=InnoDB DEFAULT CHARSET=utf8mb4;

--
-- Dumping data for table `produkty`
--

INSERT INTO `produkty` (`id_produktu`, `nazwa_produktu`, `gupa_towarowa`, `producent`, `cena_brutto`) VALUES
(1, '98PDF', 'Monitory CRT 19', 'Smar', 240.34),
(2, 'FLATRONF720B', 'Monitory CRT 17', 'HW', 303.78),
(3, '180BFLAT', 'Monitory CRT 17', 'Action', 313.54),
(4, 'FLATRONEZT710BH', 'Monitory CRT 17', 'HW', 345.26),
(5, 'FLATRONEZT710PH', 'Monitory CRT 17', 'HW', 369.66),
(6, 'DigimaxA403', 'Aparaty cyfrowe', 'SAE', 377.8),
(7, 'SM793DFASAP', 'Monitory CRT 17', 'SAEP', 413.58),
(8, 'FINEPIXA400', 'Aparaty cyfrowe', 'CER', 414.4),
(9, 'DigimaxA40', 'Aparaty cyfrowe', 'SAE', 419.28),
(10, '(SM793DF)ASAP', 'Monitory CRT 17', 'SAEP', 425.78),
(11, 'DIGIMAX', 'Aparaty cyfrowe', 'SAE', 438.38),
(12, 'IXL4', 'Aparaty cyfrowe', 'SPE', 458.32),
(13, 'L530N-B', 'Monitory LCD 15', 'Static', 486.78),
(14, 'EASYSHAREC533', 'Aparaty cyfrowe', 'KK', 496.94),
(15, 'FINEPIXA500', 'Aparaty cyfrowe', 'CER', 501.02),
(16, 'DMC-LS2', 'Aparaty cyfrowe', 'P&S', 516.88),
(17, 'DigimaxS500', 'Aparaty cyfrowe', 'SAE', 521.34),
(18, 'Power430', 'Aparaty cyfrowe', 'Power', 531.92),
(19, 'FE-170', 'Aparaty cyfrowe', 'PUS', 557.94),
(20, 'FP51G', 'Monitory LCD 15', 'Centre', 591.3),
(21, 'IXL2', 'Aparaty cyfrowe', 'SPE', 592.52),
(22, 'FE-150XD128MB', 'Aparaty cyfrowe', 'PUS', 592.52),
(23, 'FE-140', 'Aparaty cyfrowe', 'PUS', 594.96),
(24, 'IXL3', 'Aparaty cyfrowe', 'SPE', 604.72),
(25, 'FE-150', 'Aparaty cyfrowe', 'PUS', 604.72),
(26, 'FINEPIXA600', 'Aparaty cyfrowe', 'CER', 604.72),
(27, '150S7FS', 'Monitory LCD 15', 'Gate', 613.66),
(28, 'FE-180', 'Aparaty cyfrowe', 'PUS', 616.92),
(29, 'PowerA530', 'Aparaty cyfrowe', 'Power', 617.72),
(30, 'DIGIMAXS600', 'Aparaty cyfrowe', 'SAE', 619.36),
(31, 'EASYSHAREC643', 'Aparaty cyfrowe', 'KK', 629.12),
(32, '52VM', 'Monitory LCD 15', 'Clone', 652.7),
(33, 'DIGIMAXS700', 'Aparaty cyfrowe', 'SAE', 657.98),
(34, 'AL1922', 'Monitory LCD 19', 'Beca', 675.06),
(35, 'XE17-4', 'Monitory LCD 17', 'CERtsu - Siemens', 677.92),
(36, 'FE-190', 'Aparaty cyfrowe', 'PUS', 679.14),
(37, 'B71A', 'Monitory LCD 17', 'Ultra', 681.98),
(38, 'FP71G+', 'Monitory LCD 17', 'Centre', 688.08),
(39, '170C6FS', 'Monitory LCD 17', 'Gate', 690.12),
(40, 'PUSMJU', 'Aparaty cyfrowe', 'PUS', 690.52),
(41, '170C7FS', 'Monitory LCD 17', 'Gate', 702.32),
(42, 'DIGIMAXL60', 'Aparaty cyfrowe', 'SAE', 702.32),
(43, 'AL1716As', 'Monitory LCD 17', 'Beca', 703.12),
(44, 'L1718S-SN', 'Monitory LCD 17', 'HW', 703.94),
(45, '73V', 'Monitory LCD 17', 'Clone', 704.34),
(46, 'SM710NASAP', 'Monitory LCD 17', 'SAEP', 704.76),
(47, 'IXL6', 'Aparaty cyfrowe', 'SPE', 710.86),
(48, 'AL1717As', 'Monitory LCD 17', 'Beca', 712.88),
(49, 'DSC-W30', 'Aparaty cyfrowe', 'ADDR', 714.52),
(50, 'N71S', 'Monitory LCD 17', 'Ultra', 717.36),
(51, 'X71S', 'Monitory LCD 17', 'Ultra', 717.36),
(52, 'DMC-LZ3', 'Aparaty cyfrowe', 'P&S', 723.86),
(53, 'FP73G', 'Monitory LCD 17', 'Centre', 725.5),
(54, '170B6CG', 'Monitory LCD 17', 'Gate', 726.72),
(55, '170B6CS', 'Monitory LCD 17', 'Gate', 726.72),
(56, '73VM', 'Monitory LCD 17', 'Clone', 728.34),
(57, 'SM720NASAP', 'Monitory LCD 17', 'SAEP', 729.16),
(58, '190S6FS', 'Monitory LCD 19', 'Gate', 730.78),
(59, '930N-B', 'Monitory LCD 19', 'Static', 730.78),
(60, 'E438S-B.TFT', 'Monitory LCD 17', 'Pic', 730.78),
(61, 'EASYSHAREC663', 'Aparaty cyfrowe', 'KK', 743.38),
(62, '170S7FB', 'Monitory LCD 17', 'Gate', 751.12),
(63, '170S7FG', 'Monitory LCD 17', 'Gate', 751.12),
(64, '170S7FS', 'Monitory LCD 17', 'Gate', 751.12),
(65, 'DSC-W40', 'Aparaty cyfrowe', 'ADDR', 751.12),
(66, 'L1732S-SF', 'Monitory LCD 17', 'HW', 758.44),
(67, 'B70D', 'Monitory LCD 17', 'Ultra', 762.5),
(68, 'DigimaxS800', 'Aparaty cyfrowe', 'SAE', 763.32),
(69, 'L171', 'Monitory LCD 17', 'BestL', 763.32),
(70, 'LS935N-B', 'Monitory LCD 19', 'Static', 763.32),
(71, 'B71D', 'Monitory LCD 17', 'Ultra', 767.38),
(72, 'L1752S-SF', 'Monitory LCD 17', 'HW', 770.64),
(73, 'CERFX', 'Aparaty cyfrowe', 'CER', 775.52),
(74, 'E1700SV-B1.TFT', 'Monitory LCD 17', 'Pic', 778.36),
(75, 'PowerA540', 'Aparaty cyfrowe', 'Power', 779.18),
(76, 'SM740NASAP', 'Monitory LCD 17', 'SAEP', 790.16),
(77, 'AL1916', 'Monitory LCD 19', 'Beca', 796.26),
(78, 'C19-11', 'Monitory LCD 19', 'CERtsu - Siemens', 799.92),
(79, 'DSC-W50', 'Aparaty cyfrowe', 'ADDR', 799.92),
(80, 'E1700S-B1.TFT', 'Monitory LCD 17', 'Pic', 805.2),
(81, 'E1700S-S1.TFT', 'Monitory LCD 17', 'Pic', 805.2),
(82, 'IXS5', 'Aparaty cyfrowe', 'SPE', 823.1),
(83, 'DSC-T5', 'Aparaty cyfrowe', 'ADDR', 824.32),
(84, 'XE19-1', 'Monitory LCD 19', 'CERtsu - Siemens', 824.32),
(85, 'AL1916As', 'Monitory LCD 19', 'Beca', 833.66),
(86, 'AL1723', 'Monitory LCD 17', 'Beca', 836.1),
(87, 'TFT101727', 'Monitory LCD 17', 'Contact', 838.14),
(88, '175VXM+', 'Monitory LCD 17', 'Clone', 841.8),
(89, 'TFT5S1', 'Monitory LCD 19', 'Contact', 845.46),
(90, '93V', 'Monitory LCD 19', 'Clone', 849.12),
(91, 'SM740BASAP', 'Monitory LCD 17', 'SAEP', 849.52),
(92, 'SM920NASAP', 'Monitory LCD 19', 'SAEP', 849.94),
(93, 'AL1931', 'Monitory LCD 19', 'Beca', 850.74),
(94, 'TFT101911', 'Monitory LCD 19', 'Contact', 852.78),
(95, 'AL1917', 'Monitory LCD 19', 'Beca', 855.62),
(96, 'L1752TQ', 'Monitory LCD 17', 'HW', 856.04),
(97, 'L1752TQ-SF', 'Monitory LCD 17', 'HW', 856.04),
(98, 'X436S-W', 'Monitory LCD 17', 'Pic', 860.1),
(99, 'FE-200', 'Aparaty cyfrowe', 'PUS', 860.92),
(100, '190S7FG', 'Monitory LCD 19', 'Gate', 862.54),
(101, '190S7FS', 'Monitory LCD 19', 'Gate', 862.54),
(102, 'M1717S-BN', 'Monitory LCD 17', 'HW', 862.54),
(103, 'TFT101735', 'Monitory LCD 17', 'Contact', 864.98),
(104, 'TFT101902', 'Monitory LCD 19', 'Contact', 869.86),
(105, 'TFT5G1', 'Monitory LCD 19', 'Contact', 869.86),
(106, 'L1732P-SN', 'Monitory LCD 17', 'HW', 873.12),
(107, 'L1919S', 'Monitory LCD 19', 'HW', 873.12),
(108, 'FP91GX', 'Monitory LCD 19', 'Centre', 877.58),
(109, 'DMC-FX3', 'Aparaty cyfrowe', 'P&S', 881.24),
(110, 'DMC-LZ5', 'Aparaty cyfrowe', 'P&S', 881.24),
(111, 'TFT30S1', 'Monitory LCD 17', 'Contact', 882.06),
(112, 'FP93G', 'Monitory LCD 19', 'Centre', 882.46),
(113, 'PUSSP-350', 'Aparaty cyfrowe', 'PUS', 882.88),
(114, 'DIGIMAXS1000', 'Aparaty cyfrowe', 'SAE', 884.1),
(115, 'AL1751A.', 'Monitory LCD 17', 'Beca', 885.32),
(116, 'TFT101720', 'Monitory LCD 17', 'Contact', 886.94),
(117, 'TFT101903', 'Monitory LCD 19', 'Contact', 889.38),
(118, 'EASYSHAREZ650', 'Aparaty cyfrowe', 'KK', 891),
(119, 'N91S', 'Monitory LCD 19', 'Ultra', 893.04),
(120, 'X91D', 'Monitory LCD 19', 'Ultra', 893.04),
(121, 'TFT45S1', 'Monitory LCD 17', 'Contact', 897.52),
(122, 'PUSSP-350+pamiec', 'Aparaty cyfrowe', 'PUS', 906.06),
(123, '92VM', 'Monitory LCD 19', 'Clone', 906.46),
(124, '93VM', 'Monitory LCD 19', 'Clone', 907.68),
(125, 'IXS9', 'Aparaty cyfrowe', 'SPE', 908.5),
(126, 'L1952S', 'Monitory LCD 19', 'HW', 909.72),
(127, 'SM713BM', 'Monitory LCD 17', 'SAEP', 910.52),
(128, 'SM731BFASAP', 'Monitory LCD 17', 'SAEP', 910.52),
(129, 'SM740BFASAP', 'Monitory LCD 17', 'SAEP', 910.52),
(130, 'SM940BWASAP', 'Monitory LCD 19', 'SAEP', 910.52),
(131, 'N91W', 'Monitory LCD 19', 'Ultra', 918.66),
(132, 'X91W', 'Monitory LCD 19', 'Ultra', 918.66),
(133, 'IXUS60', 'Aparaty cyfrowe', 'Power', 921.92),
(134, 'SM711MPASAP', 'Monitory LCD 17', 'SAEP', 921.92),
(135, 'SM940NASAP', 'Monitory LCD 19', 'SAEP', 934.92),
(136, 'E483S-S.TFT', 'Monitory LCD 19', 'Pic', 939.4),
(137, '1770NX', 'Monitory LCD 17', 'Clone', 941.84),
(138, 'L1770HQ', 'Monitory LCD 17', 'HW', 943.06),
(139, 'FinePixE', 'Aparaty cyfrowe', 'CER', 946.32),
(140, 'MJU-700', 'Aparaty cyfrowe', 'PUS', 946.32),
(141, 'TFT101925', 'Monitory LCD 19', 'Contact', 950.38),
(142, 'E483S-B.TFT', 'Monitory LCD 19', 'Pic', 954.04),
(143, '170B7CG', 'Monitory LCD 17', 'Gate', 955.26),
(144, '170B7CS', 'Monitory LCD 17', 'Gate', 955.26),
(145, 'Digimaxi6', 'Aparaty cyfrowe', 'SAE', 958.52),
(146, 'DIGIMAXL80', 'Aparaty cyfrowe', 'SAE', 958.52),
(147, 'FinePixS5600XD', 'Aparaty cyfrowe', 'CER', 958.52),
(148, 'E481S-W3S.TFT', 'Monitory LCD 19', 'Pic', 961.36),
(149, 'B91D', 'Monitory LCD 19', 'Ultra', 968.68),
(150, 'L1770H-BF', 'Monitory LCD 17', 'HW', 970.72),
(151, 'SM713BMASAP', 'Monitory LCD 17', 'SAEP', 971.52),
(152, 'SM741MPASAP', 'Monitory LCD 17', 'SAEP', 971.52),
(153, 'EASYSHAREC875', 'Aparaty cyfrowe', 'KK', 980.88),
(154, 'EASYSHAREV603', 'Aparaty cyfrowe', 'KK', 980.88),
(155, 'E1900WS-S1.TFT', 'Monitory LCD 19', 'Pic', 981.28),
(156, 'A620', 'Aparaty cyfrowe', 'Power', 982.92),
(157, 'T35ANEU270', 'Monitory LCD 19', 'BestL', 982.92),
(158, 'FinePixF650', 'Aparaty cyfrowe', 'CER', 991.04),
(159, 'DSC-W70', 'Aparaty cyfrowe', 'ADDR', 995.12),
(160, 'L1932P-SN', 'Monitory LCD 19', 'HW', 995.12),
(161, 'L1952TQ-BF', 'Monitory LCD 19', 'HW', 995.12),
(162, 'L1952TQ-SF', 'Monitory LCD 19', 'HW', 995.12),
(163, 'E1900SV-B1.TFT', 'Monitory LCD 19', 'Pic', 1004.46),
(164, 'H431S-W.TFT', 'Monitory LCD 17', 'Pic', 1015.04),
(165, 'H431S-B.TFT', 'Monitory LCD 17', 'Pic', 1029.68),
(166, 'L1760TQ', 'Monitory LCD 17', 'HW', 1031.72),
(167, '170P7EG', 'Monitory LCD 17', 'Gate', 1033.34),
(168, '170P7ES', 'Monitory LCD 17', 'Gate', 1033.34),
(169, 'E431S-S3S.TFT', 'Monitory LCD 17', 'Pic', 1041.88),
(170, 'TVL17T', 'Monitory LCD 17', 'Ultra', 1054.08),
(171, 'IXP4', 'Aparaty cyfrowe', 'SPE', 1056.12),
(172, 'DIGIMAXL70', 'Aparaty cyfrowe', 'SAE', 1056.12),
(173, 'TFT70S1', 'Monitory LCD 19', 'Contact', 1065.06),
(174, '195VXM+', 'Monitory LCD 19', 'Clone', 1077.26),
(175, 'SM960BFASAP', 'Monitory LCD 19', 'SAEP', 1080.52),
(176, 'E481S-B3S.TFT', 'Monitory LCD 19', 'Pic', 1089.46),
(177, 'PowerA700', 'Aparaty cyfrowe', 'Power', 1092.3),
(178, 'MJU-740', 'Aparaty cyfrowe', 'PUS', 1092.72),
(179, 'SM940BFASAP', 'Monitory LCD 19', 'SAEP', 1093.52),
(180, '20L49', 'Monitory LCD 20', 'Static', 1096.78),
(181, 'TFT75S1', 'Monitory LCD 19', 'Contact', 1102.88),
(182, 'IXL5', 'Aparaty cyfrowe', 'SPE', 1104.92),
(183, 'DSC-W100', 'Aparaty cyfrowe', 'ADDR', 1104.92),
(184, 'SP-500', 'Aparaty cyfrowe', 'PUS', 1104.92),
(185, 'TFT101717', 'Monitory LCD 17', 'Contact', 1106.54),
(186, 'E1900S-B1.TFT', 'Monitory LCD 19', 'Pic', 1112.64),
(187, 'E1900S-S1.TFT', 'Monitory LCD 19', 'Pic', 1112.64),
(188, 'IXUS65', 'Aparaty cyfrowe', 'Power', 1113.04),
(189, 'CERFinePix', 'Aparaty cyfrowe', 'CER', 1117.12),
(190, 'SP-510', 'Aparaty cyfrowe', 'PUS', 1117.12),
(191, '70GX2', 'Monitory LCD 17', 'Clone', 1119.96),
(192, '190B7CG', 'Monitory LCD 19', 'Gate', 1126.06),
(193, '190B7CS', 'Monitory LCD 19', 'Gate', 1126.06),
(194, 'L194WT-BF', 'Monitory LCD 19', 'HW', 1129.32),
(195, 'L194WT-SF', 'Monitory LCD 19', 'HW', 1129.32),
(196, 'PowerA630', 'Aparaty cyfrowe', 'Power', 1132.98),
(197, 'H481S-W.TFT', 'Monitory LCD 19', 'Pic', 1139.48),
(198, 'DIGIMAXL85', 'Aparaty cyfrowe', 'SAE', 1141.52),
(199, 'X486S-B.TFT', 'Monitory LCD 19', 'Pic', 1145.58),
(200, 'SM203BASAP', 'Monitory LCD 20', 'SAEP', 1154.52),
(201, 'SM770PASAP', 'Monitory LCD 17', 'SAEP', 1154.52),
(202, 'SM931BFASAP', 'Monitory LCD 19', 'SAEP', 1154.52),
(203, 'TFT101915', 'Monitory LCD 19', 'Contact', 1157.78),
(204, 'OPTIOT10', 'Aparaty cyfrowe', 'X', 1186.66),
(205, 'H481SB.TFT', 'Monitory LCD 19', 'Pic', 1193.16),
(206, 'DMC-TZ1', 'Aparaty cyfrowe', 'P&S', 1199.66),
(207, 'IXP3', 'Aparaty cyfrowe', 'SPE', 1202.52),
(208, 'PowerA710', 'Aparaty cyfrowe', 'Power', 1202.52),
(209, 'TVL19T', 'Monitory LCD 19', 'Ultra', 1205.36),
(210, 'TFT101930', 'Monitory LCD 19', 'Contact', 1211.46),
(211, 'SM913BMASAP', 'Monitory LCD 19', 'SAEP', 1213.5),
(212, 'SM931CASAP', 'Monitory LCD 19', 'SAEP', 1213.5),
(213, 'EASYSHAREZ612', 'Aparaty cyfrowe', 'KK', 1222.44),
(214, 'L1960TQ-BF', 'Monitory LCD 19', 'HW', 1226.92),
(215, 'EASYSHAREV570', 'Aparaty cyfrowe', 'KK', 1227.72),
(216, 'NV3', 'Aparaty cyfrowe', 'SAE', 1235.04),
(217, 'DSC-H2', 'Aparaty cyfrowe', 'ADDR', 1263.52),
(218, 'MJU-750', 'Aparaty cyfrowe', 'PUS', 1263.52),
(219, 'SM941MPASAP', 'Monitory LCD 19', 'SAEP', 1274.5),
(220, 'DSC-T9', 'Aparaty cyfrowe', 'ADDR', 1275.72),
(221, '1970NXp', 'Monitory LCD 19', 'Clone', 1277.34),
(222, 'L173ST', 'Monitory LCD 17', 'HW', 1287.92),
(223, 'Q90U', 'Monitory LCD 19', 'Ultra', 1311.5),
(224, 'L1900E-BF', 'Monitory LCD 19', 'HW', 1312.32),
(225, 'L1900J-BF', 'Monitory LCD 19', 'HW', 1312.32),
(226, 'L1900R', 'Monitory LCD 19', 'HW', 1312.32),
(227, 'L1970HQ-BF', 'Monitory LCD 19', 'HW', 1313.94),
(228, 'SM205BWASAP', 'Monitory LCD 20', 'SAEP', 1335.5),
(229, 'SM940MWASAP', 'Monitory LCD 19', 'SAEP', 1335.5),
(230, '90GX2', 'Monitory LCD 19', 'Clone', 1360.3),
(231, 'PowerA640', 'Aparaty cyfrowe', 'Power', 1361.12),
(232, 'IXS10', 'Aparaty cyfrowe', 'SPE', 1381.44),
(233, '190P7EG', 'Monitory LCD 19', 'Gate', 1394.46),
(234, '190P7ES', 'Monitory LCD 19', 'Gate', 1394.46),
(235, 'TFT101920', 'Monitory LCD 19', 'Contact', 1401.78),
(236, 'NV10', 'Aparaty cyfrowe', 'SAE', 1409.1),
(237, 'L1970HR', 'Monitory LCD 19', 'HW', 1446.52),
(238, 'EASYSHAREV610', 'Aparaty cyfrowe', 'KK', 1450.98),
(239, 'EASYSHAREP712', 'Aparaty cyfrowe', 'KK', 1454.24),
(240, 'SM940FNASAP', 'Monitory LCD 19', 'SAEP', 1457.5),
(241, 'IXUS800', 'Aparaty cyfrowe', 'Power', 1457.9),
(242, 'SM193PCZARNY.OBROTASAP', 'Monitory LCD 19', 'SAEP', 1518.5),
(243, 'SM970PASAP', 'Monitory LCD 19', 'SAEP', 1518.5),
(244, 'DSC-T30', 'Aparaty cyfrowe', 'ADDR', 1535.98),
(245, '2070WNX', 'Monitory LCD 20', 'Clone', 1542.08),
(246, 'TFT102035W', 'Monitory LCD 20', 'Contact', 1544.12),
(247, 'M1917A', 'Monitory LCD 19', 'HW', 1545.74),
(248, 'L193ST', 'Monitory LCD 19', 'HW', 1568.52),
(249, 'SM971PASAP', 'Monitory LCD 19', 'SAEP', 1579.5),
(250, 'DSC-H5', 'Aparaty cyfrowe', 'ADDR', 1580.72),
(251, '200WB7ES/00', 'Monitory LCD 20', 'Gate', 1617.32),
(252, 'SM932MPASAP', 'Monitory LCD 19', 'SAEP', 1640.5),
(253, 'PowerS3', 'Aparaty cyfrowe', 'Power', 1653.92),
(254, 'SM204BASAP', 'Monitory LCD 20', 'SAEP', 1701.5),
(255, 'FINEPIXS9500', 'Aparaty cyfrowe', 'CER', 1731.18),
(256, 'SM225BWASAP', 'Monitory LCD 22', 'SAEP', 1764.52),
(257, 'F19', 'Monitory LCD 19', 'Beca', 1765.34),
(258, 'L203WT', 'Monitory LCD 20', 'HW', 1775.92),
(259, 'TFT25S1', 'Monitory LCD 22', 'Contact', 1797.06),
(260, '30L31', 'Monitory LCD 30', 'Static', 1828.78),
(261, 'AS3004', 'Notebooki', 'Beca', 1870.26),
(262, 'Pro815', 'Aparaty cyfrowe', 'SAE', 2005.28),
(263, '20WGX2', 'Monitory LCD 20', 'Clone', 2005.68),
(264, 'GX-1L', 'Aparaty cyfrowe', 'SAE', 2089.04),
(265, 'AMILOPRO2030', 'Notebooki', 'CERtsu - Siemens', 2097.18),
(266, 'D50', 'Aparaty cyfrowe', 'SPE', 2247.64),
(267, 'A3HF-5A004', 'Notebooki', 'Corner', 2251.72),
(268, 'AMILOPROV2055', 'Notebooki', 'CERtsu - Siemens', 2292.38),
(269, '2070NX', 'Monitory LCD 20', 'Clone', 2296.04),
(270, 'E-500F/3.5-5.6', 'Aparaty cyfrowe', 'PUS', 2357.44),
(271, 'AS3103', 'Notebooki', 'Beca', 2369.24),
(272, '2070NX-BK', 'Monitory LCD 20', 'Clone', 2383.88),
(273, 'nx6125EY317ES', 'Notebooki', 'Streak', 2418.44),
(274, 'A3HF-5A004H', 'Notebooki', 'Corner', 2434.72),
(275, 'D70s', 'Aparaty cyfrowe', 'SPE', 2434.72),
(276, 'SATL100-194', 'Notebooki', 'TSB', 2450.98),
(277, 'GX-1S', 'Aparaty cyfrowe', 'SAE', 2455.04),
(278, 'AMILOPROV2035', 'Notebooki', 'CERtsu - Siemens', 2479.44),
(279, 'TFT80S1', 'Monitory LCD 20', 'Contact', 2480.26),
(280, 'nx7400EY253EA', 'Notebooki', 'Streak', 2485.96),
(281, 'A3HF-5A009', 'Notebooki', 'Corner', 2492.86),
(282, 'SATA110-253', 'Notebooki', 'TSB', 2524.18),
(283, 'E511S-B.TFT', 'Monitory LCD 20', 'Pic', 2548.58),
(284, 'SM214TASAP', 'Monitory LCD 21', 'SAEP', 2669.36),
(285, 'K100D+DA18-55', 'Aparaty cyfrowe', 'X', 2670.58),
(286, 'SAT.A110-133', 'Notebooki', 'TSB', 2670.58),
(287, 'nx7400EY507ES', 'Notebooki', 'Streak', 2676.28),
(288, 'A3HF-5A009H', 'Notebooki', 'Corner', 2732.8),
(289, 'nx6310EY589ES', 'Notebooki', 'Streak', 2763.3),
(290, 'C100TB0FNPB', 'Notebooki', 'BestL', 2764.12),
(291, 'A6M-W027S3200', 'Notebooki', 'Corner', 2768.58),
(292, 'SAT.A110-110', 'Notebooki', 'TSB', 2772.24),
(293, 'AMILOPRO8010CM', 'Notebooki', 'CERtsu - Siemens', 2829.18),
(294, 'SAT.PROL100-132', 'Notebooki', 'TSB', 2829.18),
(295, 'SATA110-334', 'Notebooki', 'TSB', 2829.18),
(296, 'AMILOPROV2030', 'Notebooki', 'CERtsu - Siemens', 2842.6),
(297, 'AMILOPROV2085', 'Notebooki', 'CERtsu - Siemens', 2849.52),
(298, 'N100TY031PB', 'Notebooki', 'BestL', 2849.52),
(299, 'A6RP-AP002', 'Notebooki', 'Corner', 2849.92),
(300, 'nx6325EY343EA', 'Notebooki', 'Streak', 2880.42),
(301, 'PUSE-500', 'Aparaty cyfrowe', 'PUS', 2882.04),
(302, 'SAT.L100-173', 'Notebooki', 'TSB', 2882.04),
(303, 'ALPHA', 'Aparaty cyfrowe', 'ADDR', 2882.46),
(304, 'A8H-4P001H', 'Notebooki', 'Corner', 2893.44),
(305, 'AS2492', 'Notebooki', 'Beca', 2911.74),
(306, 'AS3682', 'Notebooki', 'Beca', 2911.74),
(307, 'AS5101', 'Notebooki', 'Beca', 2911.74),
(308, 'TM2492', 'Notebooki', 'Beca', 2911.74),
(309, 'nx7400EY586ES', 'Notebooki', 'Streak', 2935.32),
(310, 'DSC-R1', 'Aparaty cyfrowe', 'ADDR', 2951.18),
(311, 'A6M-W027HS3200', 'Notebooki', 'Corner', 2951.58),
(312, 'C100TB034PB', 'Notebooki', 'BestL', 2955.24),
(313, 'EXPRESSLW60', 'Notebooki', 'HW', 2968.26),
(314, 'A6M-Q018S3200', 'Notebooki', 'Corner', 2972.74),
(315, '400D', 'Aparaty cyfrowe', 'Power', 3004.04),
(316, '2170NX', 'Monitory LCD 21', 'Clone', 3007.3),
(317, 'SATA110-293', 'Notebooki', 'TSB', 3015.02),
(318, 'A6RP-AP002H', 'Notebooki', 'Corner', 3032.92),
(319, 'A3FC-5056', 'Notebooki', 'Corner', 3044.72),
(320, 'R60eUQ14SPB', 'Notebooki', 'BestL', 3044.72),
(321, 'N100TU075PB', 'Notebooki', 'BestL', 3056.92),
(322, 'A6KM-Q031', 'Notebooki', 'Corner', 3057.72),
(323, 'A6KM-Q083', 'Notebooki', 'Corner', 3067.48),
(324, 'R51eUR2DWPB', 'Notebooki', 'BestL', 3069.12),
(325, 'CMTY0BPPB', 'Notebooki', 'BestL', 3081.32),
(326, 'R60eUQ14UPB', 'Notebooki', 'BestL', 3089.44),
(327, 'nx7400EY505ES', 'Notebooki', 'Streak', 3093.52),
(328, 'nx6310RH328EA', 'Notebooki', 'Streak', 3101.64),
(329, 'D80', 'Aparaty cyfrowe', 'SPE', 3162.64),
(330, 'A6M-Q018HS3200', 'Notebooki', 'Corner', 3166.72),
(331, 'N100TY041PB', 'Notebooki', 'BestL', 3187.04),
(332, 'nx6310ES469EA', 'Notebooki', 'Streak', 3202.5),
(333, 'C200CM1.60/512/15/80/DVDRW/B/W/XPHTZ05KPB', 'Notebooki', 'BestL', 3203.32),
(334, 'EXPRESSF1-225GY', 'Notebooki', 'HW', 3211.44),
(335, 'A3FC-5084', 'Notebooki', 'Corner', 3212.26),
(336, 'A6KM-Q031H', 'Notebooki', 'Corner', 3235.04),
(337, 'A6KM-Q083H', 'Notebooki', 'Corner', 3235.04),
(338, 'A6F-AP021', 'Notebooki', 'Corner', 3276.92),
(339, 'A6M-Q024T64x2', 'Notebooki', 'Corner', 3279.36),
(340, 'A3FC-5056H', 'Notebooki', 'Corner', 3283.84),
(341, 'E-500F/3.5-6.3', 'Aparaty cyfrowe', 'PUS', 3284.64),
(342, 'R50eUR0U2PB', 'Notebooki', 'BestL', 3292.78),
(343, 'nx6310EY501ES', 'Notebooki', 'Streak', 3338.74),
(344, 'AMILOPROV8010/P740/512/60/15/DVDREC/XPH', 'Notebooki', 'CERtsu - Siemens', 3341.58),
(345, 'A3FC-5084H', 'Notebooki', 'Corner', 3347.68),
(346, 'AMILOPROV3405', 'Notebooki', 'CERtsu - Siemens', 3349.72),
(347, 'C100TB03HPB', 'Notebooki', 'BestL', 3357.84),
(348, 'nx6325EY352EA', 'Notebooki', 'Streak', 3370.04),
(349, 'AMILOPRO3505', 'Notebooki', 'CERtsu - Siemens', 3390.38),
(350, 'E-330', 'Aparaty cyfrowe', 'PUS', 3405.84),
(351, 'C100TB0B5PB', 'Notebooki', 'BestL', 3406.64),
(352, 'A6F-AP021H', 'Notebooki', 'Corner', 3410.72),
(353, 'C100TB0D5PB', 'Notebooki', 'BestL', 3414.78),
(354, 'A6M-Q024HT64x2', 'Notebooki', 'Corner', 3424.54),
(355, 'SAT.L100-121', 'Notebooki', 'TSB', 3440),
(356, 'nc6320RH362EA', 'Notebooki', 'Streak', 3454.64),
(357, 'AS5102', 'Notebooki', 'Beca', 3455.44),
(358, 'nx6325EY353EA', 'Notebooki', 'Streak', 3460.74),
(359, 'SATA110-195', 'Notebooki', 'TSB', 3487.98),
(360, 'N100TY06VPB', 'Notebooki', 'BestL', 3508.32),
(361, 'D80+SIGMADC', 'Aparaty cyfrowe', 'SPE', 3683.58),
(362, 'R60eUQ14TPB', 'Notebooki', 'BestL', 3695.38),
(363, 'F2F-5A017H', 'Notebooki', 'Corner', 3715.72),
(364, 'AS5612', 'Notebooki', 'Beca', 3726.28),
(365, 'SATL100-175', 'Notebooki', 'TSB', 3752.32),
(366, 'A8JC-H028', 'Notebooki', 'Corner', 3776.72),
(367, 'D70s+AF-SCF', 'Aparaty cyfrowe', 'SPE', 3780.78),
(368, 'R50eUR0S7PB', 'Notebooki', 'BestL', 3797.04),
(369, 'A8JN-4P008', 'Notebooki', 'Corner', 3837.72),
(370, 'nx6325EY349EA', 'Notebooki', 'Streak', 3853.16),
(371, 'SATA100-811', 'Notebooki', 'TSB', 3853.98),
(372, 'SAT.M100-164', 'Notebooki', 'TSB', 3890.58),
(373, 'N100TY04BPB', 'Notebooki', 'BestL', 3909.28),
(374, 'N100TY06UPB', 'Notebooki', 'BestL', 3927.18),
(375, 'SATM100-221', 'Notebooki', 'TSB', 3950.36),
(376, 'A8JC-H028H', 'Notebooki', 'Corner', 3967.04),
(377, 'A6JC-Q138', 'Notebooki', 'Corner', 3971.1),
(378, 'A6JC-Q085', 'Notebooki', 'Corner', 4015.84),
(379, 'A8JN-4P008H', 'Notebooki', 'Corner', 4020.72),
(380, 'Z60mUH3EZPB', 'Notebooki', 'BestL', 4024.78),
(381, 'AMILOPROV2065', 'Notebooki', 'CERtsu - Siemens', 4041.04),
(382, 'SATA100-813', 'Notebooki', 'TSB', 4049.18),
(383, 'AMILOPROV3505', 'Notebooki', 'CERtsu - Siemens', 4081.72),
(384, 'nc6320EY394EA', 'Notebooki', 'Streak', 4092.28),
(385, 'N100TY06ZPB', 'Notebooki', 'BestL', 4106.12),
(386, 'A6TC-AP015', 'Notebooki', 'Corner', 4121.56),
(387, 'A6JC-Q138H', 'Notebooki', 'Corner', 4125.22),
(388, 'R60UE16FPB', 'Notebooki', 'BestL', 4130.52),
(389, 'VAIOVGN-FS485B', 'Notebooki', 'ADDR', 4130.52),
(390, 'SAT.PROL100-124', 'Notebooki', 'TSB', 4130.92),
(391, 'C100TB03RPB', 'Notebooki', 'BestL', 4134.58),
(392, 'SAT.PROA120-106', 'Notebooki', 'TSB', 4134.58),
(393, 'nx6310RH342EA', 'Notebooki', 'Streak', 4159.8),
(394, 'PicC300WT.', 'Monitory LCD 30', 'Pic', 4209),
(395, 'D80+AF-SDX', 'Aparaty cyfrowe', 'SPE', 4210.62),
(396, 'SATM100-178', 'Notebooki', 'TSB', 4240.32),
(397, 'TM4233', 'Notebooki', 'Beca', 4244.38),
(398, 'SM244TASAP', 'Monitory LCD 24', 'SAEP', 4247.22),
(399, 'A6JC-Q085H', 'Notebooki', 'Corner', 4248.86),
(400, 'AMILOPROV8210', 'Notebooki', 'CERtsu - Siemens', 4254.96),
(401, 'A6JC-Q133', 'Notebooki', 'Corner', 4314.32),
(402, 'R52UN3B5PB', 'Notebooki', 'BestL', 4317.58),
(403, 'A6TC-AP015H', 'Notebooki', 'Corner', 4324.9),
(404, 'AMILOPROV3205', 'Notebooki', 'CERtsu - Siemens', 4362.32),
(405, 'EXPRESSP1-JPLAY', 'Notebooki', 'HW', 4374.52),
(406, 'AS5112', 'Notebooki', 'Beca', 4392.82),
(407, 'TECRAA8-183', 'Notebooki', 'TSB', 4392.82),
(408, 'PRO6000I', 'Notebooki', 'MXT', 4437.54),
(409, 'SATM100-179', 'Notebooki', 'TSB', 4474.56),
(410, 'F2J-5D002', 'Notebooki', 'Corner', 4485.94),
(411, 'nx7400EY252EA', 'Notebooki', 'Streak', 4500.98),
(412, 'A8-143', 'Notebooki', 'TSB', 4533.12),
(413, 'R60UL15FPB', 'Notebooki', 'BestL', 4533.12),
(414, 'Z61mUA04BPB', 'Notebooki', 'BestL', 4545.32),
(415, 'A6JC-Q133H', 'Notebooki', 'Corner', 4561.58),
(416, 'T5500/1024/15/ATI/80/DVDRW/B/W/F/XPPUE1HTPB', 'Notebooki', 'BestL', 4606.32),
(417, 'C100TB039PB', 'Notebooki', 'BestL', 4614.44),
(418, 'Z60mUH3HFPB', 'Notebooki', 'BestL', 4634.78),
(419, 'TY0BLPB', 'Notebooki', 'BestL', 4651.04),
(420, 'SATP100-257', 'Notebooki', 'TSB', 4659.18),
(421, 'TECRAA8-185', 'Notebooki', 'TSB', 4694.96),
(422, 'SATA100-847', 'Notebooki', 'TSB', 4707.16),
(423, 'SATU200-165', 'Notebooki', 'TSB', 4726.68),
(424, 'OS', 'Aparaty cyfrowe', 'Power', 4732.38),
(425, 'nc6320EY398EA', 'Notebooki', 'Streak', 4784.02),
(426, 'SAT.PROU200-132', 'Notebooki', 'TSB', 4825.92),
(427, 'EXPRESSP1-JPLBY', 'Notebooki', 'HW', 4832.82),
(428, 'U5F-2A054H', 'Notebooki', 'Corner', 4838.12),
(429, 'F2J-5D002P', 'Notebooki', 'Corner', 4856.82),
(430, 'AS5114', 'Notebooki', 'Beca', 4861.7),
(431, 'nx7400RH405EA', 'Notebooki', 'Streak', 4869.76),
(432, 'SATA100-906', 'Notebooki', 'TSB', 4899.12),
(433, 'SATU200-181', 'Notebooki', 'TSB', 4899.12),
(434, 'N100TY059PB', 'Notebooki', 'BestL', 4919.44),
(435, 'EXPRESSM1-5221Y', 'Notebooki', 'HW', 4984.52),
(436, 'N100TY05APB', 'Notebooki', 'BestL', 5017.04),
(437, 'SATPROA100-244', 'Notebooki', 'TSB', 5021.12),
(438, 'TM3004', 'Notebooki', 'Beca', 5122.78),
(439, 'SATPROU200-182', 'Notebooki', 'TSB', 5143.12),
(440, 'TM4283', 'Notebooki', 'Beca', 5157.76),
(441, 'SATPROU200-129', 'Notebooki', 'TSB', 5187.84),
(442, 'W7J-3P033', 'Notebooki', 'Corner', 5204.12),
(443, 'SAT.A100-192', 'Notebooki', 'TSB', 5216.32),
(444, 'TECRAA7-202', 'Notebooki', 'TSB', 5224.44),
(445, 'Z60mUH3FJPB', 'Notebooki', 'BestL', 5342.38),
(446, 'EXPRESSP1-J224Y', 'Notebooki', 'HW', 5350.52),
(447, 'TM4672WLMi', 'Notebooki', 'Beca', 5429.4),
(448, 'SATM100-222', 'Notebooki', 'TSB', 5435.92),
(449, 'W7J-3P033H', 'Notebooki', 'Corner', 5448.12),
(450, 'V100TF046PB', 'Notebooki', 'BestL', 5452.18),
(451, 'EXPRESST1-740MY', 'Notebooki', 'HW', 5553.84),
(452, 'nc6400RA252AW', 'Notebooki', 'Streak', 5578.24),
(453, 'SATA100-712', 'Notebooki', 'TSB', 5594.52),
(454, 'W5F-G006H', 'Notebooki', 'Corner', 5647.38),
(455, 'SATA100-912', 'Notebooki', 'TSB', 5688.46),
(456, 'R52UN3AQPB', 'Notebooki', 'BestL', 5708.38),
(457, 'SATP100-260', 'Notebooki', 'TSB', 5714.88),
(458, 'SATPROA100-247', 'Notebooki', 'TSB', 5714.88),
(459, 'A7-112', 'Notebooki', 'TSB', 5716.52),
(460, 'T60UD0FCPB', 'Notebooki', 'BestL', 5720.58),
(461, 'TECRAA7-232', 'Notebooki', 'TSB', 5826.72),
(462, 'nc4400EY265EA', 'Notebooki', 'Streak', 5850.72),
(463, 'F3JP-AS022P', 'Notebooki', 'Corner', 5887.32),
(464, 'nx9420ES457EA', 'Notebooki', 'Streak', 5895.44),
(465, 'SATR20-112', 'Notebooki', 'TSB', 5925.14),
(466, 'SAT.R20-110', 'Notebooki', 'TSB', 5960.52),
(467, 'A7-114', 'Notebooki', 'TSB', 6017.44),
(468, 'PRO5000IR', 'Notebooki', 'MXT', 6058.12),
(469, 'EXPRESSM1-J232Y', 'Notebooki', 'HW', 6066.24),
(470, 'N100TY075PB', 'Notebooki', 'BestL', 6078.44),
(471, 'nc6320RH380EA', 'Notebooki', 'Streak', 6134.56),
(472, 'TECRAA7-248', 'Notebooki', 'TSB', 6178.48),
(473, 'Z60mUH3FTPB', 'Notebooki', 'BestL', 6188.24),
(474, 'SATPROA100-242', 'Notebooki', 'TSB', 6204.52),
(475, 'nx9420ES445EA', 'Notebooki', 'Streak', 6270.4),
(476, 'M4-150', 'Notebooki', 'TSB', 6273.64),
(477, 'X60sUK156PB', 'Notebooki', 'BestL', 6289.92),
(478, 'AT3705-MG', 'Monitory LCD 37', 'Beca', 6340.34),
(479, 'T60UD0F5PB', 'Notebooki', 'BestL', 6361.48),
(480, 'T60UT0FQPB', 'Notebooki', 'BestL', 6383.44),
(481, 'FINEPIXS3Pro', 'Aparaty cyfrowe', 'CER', 6399.72),
(482, 'Z61mUA03HPB', 'Notebooki', 'BestL', 6410.28),
(483, 'TM6464', 'Notebooki', 'Beca', 6416.38),
(484, 'EXPRESSS1-M2CJY', 'Notebooki', 'HW', 6444.44),
(485, 'A7CC-7S001H', 'Notebooki', 'Corner', 6446.88),
(486, 'PORTEGER200-127', 'Notebooki', 'TSB', 6448.52),
(487, 'X60sUK15UPB', 'Notebooki', 'BestL', 6448.52),
(488, 'AS5683', 'Notebooki', 'Beca', 6465.18),
(489, 'AS5684', 'Notebooki', 'Beca', 6465.18),
(490, 'AS9424', 'Notebooki', 'Beca', 6465.18),
(491, 'SATP100-387', 'Notebooki', 'TSB', 6675.02),
(492, 'SATP100-264', 'Notebooki', 'TSB', 6696.58),
(493, 'VAIOVGN-FE11S', 'Notebooki', 'ADDR', 6799.88),
(494, 'nc6400RH484EA', 'Notebooki', 'Streak', 6801.5),
(495, 'PRO800IW', 'Notebooki', 'MXT', 6872.66),
(496, 'Z60tUM3H4PB', 'Notebooki', 'BestL', 6903.98),
(497, 'TM3022', 'Notebooki', 'Beca', 6909.68),
(498, 'tc4400EY268EA', 'Notebooki', 'Streak', 6913.34),
(499, 'TECRAM7-132', 'Notebooki', 'TSB', 7172.38),
(500, 'PORTEGEM400-139', 'Notebooki', 'TSB', 7360.26),
(501, 'QOSMIOF30-140', 'Notebooki', 'TSB', 7367.58),
(502, 'T43UC3F3PB', 'Notebooki', 'BestL', 7412.32),
(503, 'F30-112T2500/1024/100/15.4/DVD-RW/XPMC', 'Notebooki', 'TSB', 7428.58),
(504, 'S6F-3011P', 'Notebooki', 'Corner', 7603.44),
(505, 'VAIOVGN-SZ1M/B', 'Notebooki', 'ADDR', 7747.65),
(506, 'R1F-K006T', 'Notebooki', 'Corner', 7762.04),
(507, 'PRO8100IWS', 'Notebooki', 'MXT', 8137.4),
(508, 'VAIOVGN-SZ1HP/B', 'Notebooki', 'ADDR', 8229.72),
(509, 'SATP100-222', 'Notebooki', 'TSB', 8262.24),
(510, 'SATP100-324', 'Notebooki', 'TSB', 8351.72),
(511, 'T60UT0F4PB', 'Notebooki', 'BestL', 8416.78),
(512, 'AS9513', 'Notebooki', 'Beca', 8587.58),
(513, 'VAIOVGN-TX2HP/W', 'Notebooki', 'ADDR', 8693.32),
(514, 'AS5685', 'Notebooki', 'Beca', 8760.42),
(515, 'AS9813', 'Notebooki', 'Beca', 8760.42),
(516, 'W2JC-U028P', 'Notebooki', 'Corner', 8823.44),
(517, 'VAIOVGN-TX3HP/W', 'Notebooki', 'ADDR', 9012.84),
(518, 'VAIOVGN-AR11M', 'Notebooki', 'ADDR', 9147.56),
(519, 'AS9524', 'Notebooki', 'Beca', 9278.5),
(520, 'AS5675', 'Notebooki', 'Beca', 9376.52),
(521, 'SM400PASAP', 'Monitory LCD 40', 'SAEP', 9696.56),
(522, 'Z61pUA13NPB', 'Notebooki', 'BestL', 9775.04),
(523, 'QOSMIOG30-150', 'Notebooki', 'TSB', 10076),
(524, 'VX1-5E002P', 'Notebooki', 'Corner', 10165.4),
(525, 'FERRARI1005', 'Notebooki', 'Beca', 10265.5),
(526, 'VX1-5E001P', 'Notebooki', 'Corner', 10287.4),
(527, 'AS9515', 'Notebooki', 'Beca', 10363.9),
(528, 'AS9815', 'Notebooki', 'Beca', 10363.9),
(529, 'VX1-5E008P', 'Notebooki', 'Corner', 10450.1),
(530, 'SM400PNASAP', 'Monitory LCD 40', 'SAEP', 10908.4),
(531, 'VAIOVGN-TX3XP/B', 'Notebooki', 'ADDR', 11034.1),
(532, 'LCD4010', 'Monitory LCD 40', 'Clone', 11133.7),
(533, 'FERRARI5005', 'Notebooki', 'Beca', 11844.6),
(534, 'QUOSMIOG30-153', 'Notebooki', 'TSB', 12076.8),
(535, 'TM8215', 'Notebooki', 'Beca', 12831.6),
(536, 'SM460PASAP', 'Monitory LCD 46', 'SAEP', 14544);

-- --------------------------------------------------------

--
-- Table structure for table `zamowienia`
--

CREATE TABLE `zamowienia` (
  `id_zamowienia` varchar(70) NOT NULL,
  `data` date NOT NULL,
  `id_produktu` int(11) NOT NULL,
  `id_klienta` char(5) CHARACTER SET utf8 COLLATE utf8_polish_ci NOT NULL,
  `liczba_sztuk` int(11) NOT NULL
) ENGINE=InnoDB DEFAULT CHARSET=utf8mb4;

--
-- Dumping data for table `zamowienia`
--

INSERT INTO `zamowienia` (`id_zamowienia`, `data`, `id_produktu`, `id_klienta`, `liczba_sztuk`) VALUES
('1/2012', '2012-05-14', 405, 'TC563', 1),
('1/2013', '2013-01-03', 236, 'PM997', 1),
('10/2012', '2012-05-18', 144, 'JH957', 1),
('10/2013', '2013-01-05', 412, 'JO585', 1),
('100/2012', '2012-07-22', 388, 'PP802', 1),
('100/2013', '2013-03-26', 122, 'AK935', 1),
('101/2012', '2012-07-22', 369, 'JK253', 1),
('101/2013', '2013-03-27', 488, 'AB877', 1),
('102/2012', '2012-07-22', 508, 'MK151', 1),
('102/2013', '2013-03-27', 265, 'KT061', 1),
('103/2012', '2012-07-22', 532, 'AS921', 1),
('103/2013', '2013-03-27', 33, 'AN941', 1),
('104/2012', '2012-07-22', 107, 'DP689', 1),
('104/2013', '2013-03-27', 158, 'KP751', 1),
('105/2012', '2012-07-23', 163, 'EM686', 1),
('105/2013', '2013-03-27', 443, 'MM926', 1),
('106/2012', '2012-07-24', 267, 'IO322', 1),
('106/2013', '2013-03-27', 176, 'DP689', 1),
('107/2012', '2012-07-25', 92, 'OP885', 1),
('107/2013', '2013-03-27', 371, 'KK743', 1),
('108/2012', '2012-07-26', 38, 'AZ877', 1),
('108/2013', '2013-03-27', 358, 'HL305', 1),
('109/2012', '2012-07-26', 206, 'MK912', 1),
('109/2013', '2013-03-27', 35, 'ML454', 1),
('11/2012', '2012-05-18', 530, 'KG154', 1),
('11/2013', '2013-01-05', 439, 'BK241', 1),
('110/2012', '2012-07-27', 76, 'AK651', 1),
('110/2013', '2013-03-27', 221, 'KH743', 1),
('111/2012', '2012-07-28', 293, 'JS823', 1),
('111/2013', '2013-03-27', 281, 'WP281', 1),
('112/2012', '2012-07-28', 47, 'PG448', 1),
('112/2013', '2013-03-27', 235, 'KW801', 1),
('113/2012', '2012-07-28', 48, 'NN413', 1),
('113/2013', '2013-03-27', 100, 'AB802', 1),
('114/2012', '2012-07-29', 304, 'JK901', 1),
('114/2013', '2013-03-27', 321, 'HB689', 1),
('115/2012', '2012-07-30', 128, 'MW455', 1),
('115/2013', '2013-03-27', 60, 'LL879', 1),
('116/2012', '2012-07-30', 74, 'JO931', 1),
('116/2013', '2013-03-27', 96, 'MO607', 1),
('117/2012', '2012-07-30', 387, 'AK935', 1),
('117/2013', '2013-03-27', 458, 'AG136', 1),
('118/2012', '2012-07-30', 95, 'HS454', 1),
('118/2013', '2013-03-28', 66, 'JK901', 1),
('119/2012', '2012-07-30', 412, 'AK689', 1),
('119/2013', '2013-03-29', 78, 'MJ980', 1),
('12/2012', '2012-05-18', 329, 'PG448', 1),
('12/2013', '2013-01-05', 417, 'AN852', 1),
('120/2012', '2012-07-30', 518, 'JM370', 1),
('120/2013', '2013-03-29', 61, 'MK651', 1),
('121/2012', '2012-07-30', 379, 'HP859', 1),
('121/2013', '2013-03-29', 289, 'TC563', 1),
('122/2012', '2012-07-31', 104, 'KK736', 1),
('122/2013', '2013-03-29', 475, 'HT909', 1),
('123/2012', '2012-08-01', 65, 'HL925', 1),
('123/2013', '2013-03-29', 488, 'RZ166', 1),
('124/2012', '2012-08-02', 167, 'MB909', 1),
('124/2013', '2013-03-29', 248, 'BB193', 2),
('125/2012', '2012-08-03', 530, 'MS545', 1),
('125/2013', '2013-03-29', 385, 'KW596', 1),
('126/2012', '2012-08-04', 71, 'JO630', 1),
('126/2013', '2013-03-29', 390, 'KJ646', 2),
('127/2012', '2012-08-05', 41, 'IK957', 1),
('127/2013', '2013-03-29', 309, 'KW670', 1),
('128/2012', '2012-08-05', 455, 'JS823', 1),
('128/2013', '2013-03-29', 393, 'TO616', 1),
('129/2012', '2012-08-07', 124, 'RW293', 1),
('129/2013', '2013-03-29', 90, 'MK151', 1),
('13/2012', '2012-05-18', 223, 'AG136', 1),
('13/2013', '2013-01-06', 481, 'KJ646', 1),
('130/2012', '2012-08-08', 125, 'JB611', 1),
('130/2013', '2013-03-29', 81, 'JO931', 1),
('131/2012', '2012-08-09', 421, 'AK436', 1),
('131/2013', '2013-03-29', 157, 'HL925', 1),
('132/2012', '2012-08-10', 460, 'AW703', 1),
('132/2013', '2013-03-29', 190, 'IK957', 1),
('133/2012', '2012-08-11', 236, 'AZ838', 1),
('133/2013', '2013-03-29', 42, 'AW703', 1),
('134/2012', '2012-08-11', 91, 'HT909', 1),
('134/2013', '2013-03-29', 363, 'OP885', 1),
('135/2012', '2012-08-11', 308, 'JJ613', 1),
('135/2013', '2013-03-29', 336, 'AB679', 1),
('136/2012', '2012-08-14', 266, 'JK619', 1),
('136/2013', '2013-03-29', 489, 'JS561', 1),
('137/2012', '2012-08-15', 434, 'JB243', 1),
('137/2013', '2013-03-29', 154, 'JH957', 1),
('138/2012', '2012-08-16', 494, 'FG613', 1),
('138/2013', '2013-03-29', 332, 'PM337', 1),
('139/2012', '2012-08-17', 267, 'EK805', 1),
('139/2013', '2013-03-29', 48, 'EM686', 1),
('14/2012', '2012-05-19', 193, 'PS069', 1),
('14/2013', '2013-01-07', 477, 'JO630', 1),
('140/2012', '2012-08-17', 180, 'KZ630', 1),
('140/2013', '2013-03-29', 331, 'BS802', 1),
('141/2012', '2012-08-17', 230, 'KJ646', 1),
('141/2013', '2013-03-30', 332, 'AB721', 1),
('142/2012', '2012-08-18', 31, 'MK912', 1),
('142/2013', '2013-03-31', 381, 'PD759', 2),
('143/2012', '2012-08-19', 55, 'BS343', 1),
('143/2013', '2013-03-31', 375, 'NN413', 1),
('144/2012', '2012-08-20', 159, 'JM370', 1),
('144/2013', '2013-03-31', 517, 'GL783', 1),
('145/2012', '2012-08-23', 510, 'WW293', 1),
('145/2013', '2013-03-31', 354, 'EL635', 1),
('146/2012', '2012-08-24', 172, 'PM997', 1),
('146/2013', '2013-04-01', 295, 'FB859', 2),
('147/2012', '2012-08-25', 108, 'JK253', 1),
('147/2013', '2013-04-01', 386, 'BM497', 1),
('148/2012', '2012-08-26', 64, 'JS561', 1),
('148/2013', '2013-04-01', 254, 'MC265', 1),
('149/2012', '2012-08-27', 8, 'HB689', 1),
('149/2013', '2013-04-01', 397, 'SO683', 1),
('15/2012', '2012-05-20', 222, 'JJ613', 1),
('15/2013', '2013-01-08', 503, 'KK736', 1),
('150/2012', '2012-08-28', 13, 'WL869', 1),
('150/2013', '2013-04-02', 365, 'WL869', 1),
('151/2012', '2012-08-29', 339, 'ES980', 1),
('151/2013', '2013-04-03', 171, 'JB243', 1),
('152/2012', '2012-08-29', 501, 'PS069', 1),
('152/2013', '2013-04-03', 379, 'CL6', 1),
('153/2012', '2012-08-31', 457, 'TR502', 1),
('153/2013', '2013-04-03', 471, 'TW581', 1),
('154/2012', '2012-09-01', 90, 'AF446', 1),
('154/2013', '2013-04-03', 372, 'JZ669', 1),
('155/2012', '2012-09-01', 439, 'AS512', 1),
('155/2013', '2013-04-03', 517, 'AB514', 1),
('156/2012', '2012-09-01', 185, 'CG130', 1),
('157/2012', '2012-09-01', 370, 'PS145', 1),
('157/2013', '2013-04-03', 42, 'PG010', 1),
('158/2012', '2012-09-01', 432, 'JK897', 1),
('158/2013', '2013-04-03', 124, 'NB013', 1),
('159/2012', '2012-09-01', 264, 'AF560', 1),
('159/2013', '2013-04-03', 10, 'PS069', 1),
('16/2012', '2012-05-21', 275, 'JM370', 1),
('16/2013', '2013-01-09', 185, 'AB877', 1),
('160/2012', '2012-09-01', 371, 'KG154', 1),
('160/2013', '2013-04-03', 233, 'WR305', 1),
('161/2012', '2012-09-01', 368, 'MB603', 1),
('161/2013', '2013-04-04', 382, 'EW677', 1),
('162/2012', '2012-09-04', 215, 'MO607', 1),
('162/2013', '2013-04-04', 37, 'JN737', 1),
('163/2012', '2012-09-04', 359, 'ML013', 1),
('163/2013', '2013-04-04', 114, 'BO959', 1),
('164/2012', '2012-09-04', 99, 'BK241', 1),
('164/2013', '2013-04-04', 412, 'MS545', 1),
('165/2012', '2012-09-05', 298, 'NN413', 1),
('165/2013', '2013-04-04', 222, 'HL980', 1),
('166/2012', '2012-09-06', 81, 'PP548', 1),
('166/2013', '2013-04-05', 495, 'EK411', 1),
('167/2012', '2012-09-07', 89, 'BS802', 1),
('167/2013', '2013-04-06', 56, 'JR765', 1),
('168/2012', '2012-09-08', 197, 'KW801', 1),
('168/2013', '2013-04-08', 507, 'BP518', 2),
('169/2012', '2012-09-09', 195, 'FS911', 1),
('169/2013', '2013-04-08', 59, 'KZ654', 1),
('17/2012', '2012-05-21', 64, 'BK241', 1),
('17/2013', '2013-01-11', 255, 'JK253', 1),
('170/2012', '2012-09-10', 233, 'MK151', 1),
('170/2013', '2013-04-09', 103, 'JK897', 1),
('171/2012', '2012-09-11', 199, 'EL635', 1),
('171/2013', '2013-04-10', 423, 'WW133', 1),
('172/2012', '2012-09-12', 533, 'JO931', 1),
('172/2013', '2013-04-10', 259, 'AS370', 1),
('173/2012', '2012-09-13', 342, 'MO607', 1),
('173/2013', '2013-04-12', 503, 'UW222', 1),
('174/2012', '2012-09-14', 444, 'MS545', 1),
('174/2013', '2013-04-13', 115, 'MK912', 3),
('175/2012', '2012-09-14', 207, 'AK689', 1),
('175/2013', '2013-04-14', 518, 'UC613', 1),
('176/2012', '2012-09-14', 397, 'CG130', 1),
('176/2013', '2013-04-14', 404, 'MB603', 1),
('177/2012', '2012-09-14', 263, 'AK651', 2),
('177/2013', '2013-04-14', 255, 'EK855', 1),
('178/2012', '2012-09-14', 288, 'AB721', 1),
('178/2013', '2013-04-14', 463, 'IM433', 1),
('179/2012', '2012-09-14', 411, 'KG154', 3),
('179/2013', '2013-04-14', 323, 'ES980', 1),
('18/2012', '2012-05-21', 83, 'ED794', 1),
('18/2013', '2013-01-11', 8, 'WL202', 1),
('180/2012', '2012-09-14', 473, 'PG010', 1),
('180/2013', '2013-04-14', 473, 'DM646', 1),
('181/2012', '2012-09-14', 516, 'WR305', 1),
('181/2013', '2013-04-14', 8, 'PG448', 1),
('182/2012', '2012-09-17', 325, 'FW613', 1),
('182/2013', '2013-04-14', 6, 'WM980', 1),
('183/2012', '2012-09-18', 50, 'WP281', 1),
('183/2013', '2013-04-14', 403, 'JO585', 1),
('184/2012', '2012-09-19', 143, 'ML454', 1),
('184/2013', '2013-04-14', 156, 'JM370', 1),
('185/2012', '2012-09-19', 423, 'LL879', 1),
('185/2013', '2013-04-14', 228, 'JJ331', 1),
('186/2012', '2012-09-19', 480, 'BS802', 1),
('186/2013', '2013-04-14', 77, 'AB673', 1),
('187/2012', '2012-09-19', 441, 'KW596', 1),
('187/2013', '2013-04-15', 535, 'BW305', 1),
('188/2012', '2012-09-19', 364, 'BB759', 1),
('188/2013', '2013-04-16', 315, 'HP859', 1),
('189/2012', '2012-09-20', 417, 'HK463', 1),
('189/2013', '2013-04-16', 442, 'IO322', 1),
('19/2012', '2012-05-21', 12, 'AZ370', 1),
('19/2013', '2013-01-11', 157, 'JK619', 1),
('190/2012', '2012-09-21', 507, 'PP548', 1),
('190/2013', '2013-04-16', 447, 'AZ838', 1),
('191/2012', '2012-09-22', 23, 'ZK088', 1),
('191/2013', '2013-04-16', 108, 'AZ370', 1),
('192/2012', '2012-09-23', 475, 'EM294', 1),
('192/2013', '2013-04-16', 305, 'BS596', 1),
('193/2012', '2012-09-23', 483, 'AW703', 1),
('193/2013', '2013-04-16', 311, 'ZK088', 1),
('194/2012', '2012-09-23', 79, 'TB293', 1),
('194/2013', '2013-04-16', 260, 'JW868', 1),
('195/2012', '2012-09-23', 207, 'FS911', 1),
('195/2013', '2013-04-17', 156, 'LW238', 1),
('196/2012', '2012-09-23', 223, 'MB909', 1),
('196/2013', '2013-04-18', 76, 'MB630', 1),
('197/2012', '2012-09-23', 151, 'AF560', 1),
('197/2013', '2013-04-18', 155, 'MB485', 1),
('198/2012', '2012-09-23', 140, 'AN941', 1),
('198/2013', '2013-04-20', 343, 'ED794', 1),
('199/2012', '2012-09-23', 83, 'HB944', 1),
('199/2013', '2013-04-20', 2, 'TB293', 1),
('2/2012', '2012-05-15', 417, 'HS605', 1),
('2/2013', '2013-01-03', 324, 'MW741', 1),
('20/2012', '2012-06-02', 532, 'AF560', 1),
('20/2013', '2013-01-15', 493, 'JK086', 1),
('200/2012', '2012-09-23', 82, 'LL084', 1),
('200/2013', '2013-04-21', 9, 'BL202', 1),
('201/2012', '2012-09-23', 526, 'JN737', 1),
('201/2013', '2013-04-22', 458, 'DK104', 1),
('202/2012', '2012-09-23', 296, 'KH743', 1),
('202/2013', '2013-04-22', 472, 'BS343', 1),
('203/2012', '2012-09-23', 4, 'DK104', 1),
('203/2013', '2013-04-22', 207, 'RW293', 1),
('204/2012', '2012-09-24', 149, 'HK046', 1),
('204/2013', '2013-04-22', 228, 'MW455', 1),
('205/2012', '2012-09-25', 120, 'WW293', 1),
('205/2013', '2013-04-22', 386, 'BB759', 1),
('206/2012', '2012-09-25', 38, 'JK086', 1),
('206/2013', '2013-04-22', 20, 'TR502', 1),
('207/2012', '2012-09-26', 85, 'PS069', 1),
('207/2013', '2013-04-22', 307, 'JJ420', 2),
('208/2012', '2012-09-27', 451, 'FB859', 1),
('208/2013', '2013-04-22', 51, 'SS283', 1),
('209/2012', '2012-09-28', 331, 'AS370', 1),
('209/2013', '2013-04-22', 457, 'AK689', 1),
('21/2012', '2012-06-03', 19, 'JJ331', 1),
('21/2013', '2013-01-16', 393, 'EK805', 1),
('210/2012', '2012-09-29', 376, 'JK897', 1),
('210/2013', '2013-04-23', 152, 'JS823', 1),
('211/2012', '2012-09-29', 287, 'JW868', 1),
('211/2013', '2013-04-24', 102, 'KK736', 1),
('212/2012', '2012-09-29', 429, 'EK805', 1),
('212/2013', '2013-04-25', 209, 'HK463', 1),
('213/2012', '2012-09-29', 64, 'EL635', 1),
('213/2013', '2013-04-25', 152, 'DJ666', 1),
('214/2012', '2012-09-29', 261, 'DM646', 1),
('214/2013', '2013-04-25', 66, 'SW504', 1),
('215/2012', '2012-09-29', 81, 'JZ669', 1),
('215/2013', '2013-04-25', 441, 'FS911', 1),
('216/2012', '2012-09-30', 95, 'WW713', 1),
('216/2013', '2013-04-25', 355, 'KB248', 1),
('217/2012', '2012-10-01', 504, 'PW634', 1),
('217/2013', '2013-04-25', 123, 'EB376', 1),
('218/2012', '2012-10-01', 334, 'EK411', 1),
('218/2013', '2013-04-25', 215, 'KP135', 1),
('219/2012', '2012-10-02', 348, 'HL980', 2),
('219/2013', '2013-04-25', 22, 'MB909', 1),
('22/2012', '2012-06-03', 378, 'WW133', 1),
('22/2013', '2013-01-17', 195, 'ML454', 1),
('220/2012', '2012-10-02', 387, 'JM370', 1),
('220/2013', '2013-04-25', 207, 'AK485', 1),
('221/2012', '2012-10-02', 403, 'SO683', 1),
('221/2013', '2013-04-25', 89, 'GL485', 1),
('222/2012', '2012-10-02', 494, 'WL202', 1),
('222/2013', '2013-04-26', 44, 'TG008', 1),
('223/2012', '2012-10-02', 184, 'MM926', 1),
('223/2013', '2013-04-26', 1, 'SS673', 1),
('224/2012', '2012-10-03', 390, 'RZ166', 2),
('224/2013', '2013-04-26', 517, 'AS921', 1),
('225/2012', '2012-10-04', 382, 'PM337', 2),
('225/2013', '2013-04-26', 444, 'AF446', 2),
('226/2012', '2012-10-04', 92, 'KZ630', 1),
('226/2013', '2013-04-26', 123, 'KK399', 1),
('227/2012', '2012-10-04', 337, 'KB202', 1),
('227/2013', '2013-04-26', 174, 'AS512', 1),
('228/2012', '2012-10-04', 200, 'PG448', 1),
('228/2013', '2013-04-26', 130, 'RW437', 2),
('229/2012', '2012-10-04', 3, 'UC613', 1),
('229/2013', '2013-04-26', 418, 'MK384', 1),
('23/2012', '2012-06-03', 118, 'TR502', 1),
('23/2013', '2013-01-17', 5, 'PP802', 1),
('230/2012', '2012-10-04', 523, 'WL869', 1),
('230/2013', '2013-04-27', 26, 'PM997', 1),
('231/2012', '2012-10-04', 61, 'TL518', 1),
('231/2013', '2013-04-27', 89, 'AK436', 1),
('232/2012', '2012-10-04', 301, 'AZ370', 1),
('232/2013', '2013-04-27', 174, 'WL202', 1),
('233/2012', '2012-10-04', 280, 'IB428', 1),
('233/2013', '2013-04-27', 219, 'AF560', 1),
('234/2012', '2012-10-04', 113, 'WW133', 1),
('234/2013', '2013-04-27', 87, 'HS605', 1),
('235/2012', '2012-10-04', 533, 'EW677', 1),
('235/2013', '2013-04-27', 54, 'KZ630', 1),
('236/2012', '2012-10-04', 346, 'JZ427', 1),
('236/2013', '2013-04-29', 29, 'CG130', 1),
('237/2012', '2012-10-05', 379, 'JP555', 1),
('237/2013', '2013-04-29', 94, 'JZ427', 1),
('238/2012', '2012-10-06', 319, 'JS561', 1),
('238/2013', '2013-04-30', 202, 'AK651', 1),
('239/2012', '2012-10-07', 124, 'ES980', 1),
('239/2013', '2013-04-30', 223, 'DG587', 1),
('24/2012', '2012-06-06', 179, 'BH859', 1),
('24/2013', '2013-01-19', 72, 'JB243', 1),
('240/2012', '2012-10-07', 344, 'AS921', 1),
('240/2013', '2013-04-30', 55, 'AK530', 1),
('241/2012', '2012-10-07', 424, 'FG613', 1),
('241/2013', '2013-04-30', 146, 'JF461', 1),
('242/2012', '2012-10-07', 68, 'TW581', 1),
('242/2013', '2013-04-30', 496, 'MS901', 1),
('243/2012', '2012-10-07', 420, 'AK485', 1),
('243/2013', '2013-04-30', 219, 'TW624', 4),
('244/2012', '2012-10-07', 513, 'KB248', 1),
('244/2013', '2013-04-30', 164, 'JB611', 1),
('245/2012', '2012-10-08', 487, 'PP802', 1),
('245/2013', '2013-04-30', 282, 'HK046', 1),
('246/2012', '2012-10-09', 250, 'BL202', 1),
('246/2013', '2013-04-30', 140, 'LL084', 1),
('247/2012', '2012-10-09', 89, 'TR502', 1),
('247/2013', '2013-05-01', 359, 'HS454', 1),
('248/2012', '2012-10-09', 163, 'TC563', 1),
('248/2013', '2013-05-02', 98, 'KB202', 1),
('249/2012', '2012-10-10', 371, 'KK399', 1),
('249/2013', '2013-05-03', 119, 'FG613', 1),
('25/2012', '2012-06-07', 345, 'AS370', 1),
('25/2013', '2013-01-20', 266, 'JW868', 1),
('250/2012', '2012-10-10', 252, 'TG008', 1),
('250/2013', '2013-05-04', 11, 'KK813', 1),
('251/2012', '2012-10-11', 29, 'HL925', 1),
('251/2013', '2013-05-04', 127, 'JK253', 1),
('252/2012', '2012-10-12', 461, 'MP056', 1),
('252/2013', '2013-05-04', 526, 'JJ613', 1),
('253/2012', '2012-10-13', 95, 'LW238', 1),
('253/2013', '2013-05-04', 430, 'JR274', 2),
('254/2012', '2012-10-14', 8, 'AB802', 1),
('254/2013', '2013-05-04', 172, 'AB683', 1),
('255/2012', '2012-10-15', 112, 'MK151', 1),
('255/2013', '2013-05-04', 417, 'PP802', 1),
('256/2012', '2012-10-15', 287, 'JF461', 1),
('256/2013', '2013-05-05', 118, 'JK619', 1),
('257/2012', '2012-10-15', 406, 'KT061', 1),
('257/2013', '2013-05-06', 23, 'RW013', 1),
('258/2012', '2012-10-16', 457, 'PD759', 1),
('258/2013', '2013-05-06', 287, 'MD631', 1),
('259/2012', '2012-10-17', 27, 'MC265', 1),
('259/2013', '2013-05-07', 503, 'JO630', 1),
('26/2012', '2012-06-08', 202, 'EW677', 1),
('26/2013', '2013-01-21', 250, 'AL097', 1),
('260/2012', '2012-10-18', 183, 'WM980', 1),
('260/2013', '2013-05-08', 380, 'EK143', 1),
('261/2012', '2012-10-19', 114, 'MJ980', 1),
('261/2013', '2013-05-09', 63, 'AZ025', 1),
('262/2012', '2012-10-19', 320, 'AK436', 1),
('262/2013', '2013-05-09', 221, 'PP548', 1),
('263/2012', '2012-10-19', 115, 'BM205', 1),
('263/2013', '2013-05-09', 252, 'PW634', 1),
('264/2012', '2012-10-19', 453, 'MS917', 1),
('264/2013', '2013-05-09', 377, 'AL097', 1),
('265/2012', '2012-10-19', 121, 'NB013', 1),
('265/2013', '2013-05-09', 435, 'MS917', 1),
('266/2012', '2012-10-19', 311, 'DP689', 1),
('266/2013', '2013-05-09', 467, 'PS145', 1),
('267/2012', '2012-10-20', 223, 'CL6', 1),
('267/2013', '2013-05-09', 352, 'EK805', 1),
('268/2012', '2012-10-20', 379, 'AF446', 1),
('268/2013', '2013-05-09', 403, 'IB428', 1),
('269/2012', '2012-10-20', 164, 'EK143', 1),
('269/2013', '2013-05-09', 40, 'AZ877', 1),
('27/2012', '2012-06-09', 467, 'JB645', 1),
('27/2013', '2013-01-21', 191, 'EK855', 1),
('270/2012', '2012-10-20', 461, 'MW741', 1),
('270/2013', '2013-05-10', 469, 'FW613', 1),
('271/2012', '2012-10-21', 148, 'HP518', 1),
('272/2012', '2012-10-21', 449, 'MW455', 1),
('273/2012', '2012-10-21', 447, 'MS901', 1),
('274/2012', '2012-10-21', 416, 'JB243', 1),
('275/2012', '2012-10-21', 298, 'JO931', 1),
('276/2012', '2012-10-22', 167, 'AB673', 1),
('277/2012', '2012-10-23', 478, 'HB689', 1),
('278/2012', '2012-10-24', 283, 'AG136', 1),
('279/2012', '2012-10-25', 422, 'ED794', 1),
('28/2012', '2012-06-10', 272, 'AZ877', 2),
('28/2013', '2013-01-23', 343, 'AB683', 1),
('280/2012', '2012-10-26', 459, 'BH859', 1),
('281/2012', '2012-10-26', 450, 'GL485', 1),
('282/2012', '2012-10-26', 478, 'AB514', 1),
('283/2012', '2012-10-26', 91, 'EB376', 1),
('284/2012', '2012-10-26', 325, 'AB683', 1),
('285/2012', '2012-10-26', 15, 'BW305', 1),
('286/2012', '2012-10-26', 49, 'AS512', 1),
('287/2012', '2012-10-27', 244, 'MB485', 1),
('288/2012', '2012-10-27', 30, 'KZ596', 1),
('289/2012', '2012-10-28', 388, 'BK241', 1),
('29/2013', '2013-01-24', 387, 'BM497', 1),
('290/2012', '2012-10-28', 84, 'UW222', 1),
('291/2012', '2012-10-28', 200, 'HL305', 1),
('292/2012', '2012-10-29', 192, 'EK855', 1),
('293/2012', '2012-10-30', 131, 'BM408', 1),
('294/2012', '2012-10-31', 390, 'JK619', 1),
('295/2012', '2012-10-31', 302, 'AB679', 1),
('296/2012', '2012-11-01', 240, 'JO585', 1),
('297/2012', '2012-11-01', 26, 'SS283', 1),
('298/2012', '2012-11-01', 293, 'AK935', 2),
('299/2012', '2012-11-01', 88, 'ML013', 1),
('3/2012', '2012-05-16', 180, 'JP555', 1),
('3/2013', '2013-01-03', 111, 'SS673', 1),
('30/2012', '2012-06-12', 65, 'BP518', 1),
('30/2013', '2013-01-25', 66, 'JP555', 1),
('300/2012', '2012-11-01', 229, 'RW013', 1),
('301/2012', '2012-11-02', 84, 'MD631', 1),
('302/2012', '2012-11-03', 283, 'AB877', 1),
('303/2012', '2012-11-04', 231, 'KK736', 1),
('304/2012', '2012-11-05', 398, 'JS823', 1),
('305/2012', '2012-11-05', 46, 'AZ025', 1),
('306/2012', '2012-11-05', 183, 'JJ331', 1),
('307/2012', '2012-11-05', 15, 'AF446', 1),
('308/2012', '2012-11-06', 72, 'PS145', 1),
('309/2012', '2012-11-07', 410, 'IO322', 1),
('31/2012', '2012-06-13', 224, 'KT061', 1),
('31/2013', '2013-01-26', 135, 'AW703', 1),
('310/2012', '2012-11-07', 159, 'EM686', 1),
('311/2012', '2012-11-07', 341, 'TL518', 1),
('312/2012', '2012-11-08', 292, 'AN941', 1),
('313/2012', '2012-11-08', 75, 'ZK088', 1),
('314/2012', '2012-11-08', 195, 'MK384', 1),
('315/2012', '2012-11-08', 514, 'EM294', 1),
('316/2012', '2012-11-09', 496, 'BO959', 1),
('317/2012', '2012-11-10', 465, 'AB721', 1),
('318/2012', '2012-11-11', 372, 'AB802', 1),
('319/2012', '2012-11-11', 204, 'DP689', 1),
('32/2012', '2012-06-14', 440, 'HK463', 1),
('32/2013', '2013-01-26', 471, 'CG130', 1),
('320/2012', '2012-11-11', 372, 'JF461', 1),
('321/2012', '2012-11-11', 368, 'HP859', 1),
('322/2012', '2012-11-12', 488, 'GL485', 1),
('323/2012', '2012-11-12', 129, 'TO616', 1),
('324/2012', '2012-11-15', 90, 'BW305', 1),
('325/2012', '2012-11-16', 305, 'JB611', 1),
('326/2012', '2012-11-17', 239, 'MB630', 1),
('327/2012', '2012-11-19', 374, 'KG154', 1),
('328/2012', '2012-11-20', 127, 'JR274', 1),
('329/2012', '2012-11-21', 220, 'AZ838', 1),
('33/2012', '2012-06-15', 109, 'BB759', 1),
('33/2013', '2013-01-26', 82, 'KP135', 1),
('330/2012', '2012-11-21', 149, 'WM980', 1),
('331/2012', '2012-11-21', 92, 'KZ630', 2),
('332/2012', '2012-11-21', 129, 'LL879', 1),
('333/2012', '2012-11-22', 318, 'FW613', 1),
('334/2012', '2012-11-22', 100, 'KW670', 1),
('335/2012', '2012-11-22', 331, 'AS370', 1),
('336/2012', '2012-11-23', 254, 'TC563', 1),
('337/2012', '2012-11-24', 394, 'KB202', 1),
('338/2012', '2012-11-25', 332, 'PG010', 1),
('339/2012', '2012-11-27', 516, 'AS921', 1),
('34/2012', '2012-06-15', 374, 'HP518', 1),
('34/2013', '2013-01-27', 116, 'JN737', 1),
('340/2012', '2012-11-27', 66, 'KB248', 1),
('341/2012', '2012-11-28', 474, 'RW293', 1),
('342/2012', '2012-11-28', 186, 'SS283', 1),
('343/2012', '2012-11-30', 242, 'MS901', 1),
('344/2012', '2012-12-01', 243, 'KW596', 1),
('345/2012', '2012-12-01', 8, 'PM337', 1),
('346/2012', '2012-12-01', 331, 'HT909', 1),
('347/2012', '2012-12-02', 35, 'NB013', 1),
('348/2012', '2012-12-03', 303, 'TG008', 1),
('349/2012', '2012-12-04', 88, 'AK530', 1),
('35/2012', '2012-06-15', 309, 'EM294', 1),
('35/2013', '2013-01-28', 449, 'TW581', 1),
('350/2012', '2012-12-05', 241, 'PS069', 1),
('351/2012', '2012-12-06', 340, 'WL869', 1),
('352/2012', '2012-12-07', 501, 'AB673', 1),
('353/2012', '2012-12-08', 259, 'AS512', 1),
('354/2012', '2012-12-08', 202, 'CL6', 1),
('355/2012', '2012-12-10', 447, 'JJ420', 1),
('356/2012', '2012-12-10', 91, 'WW133', 1),
('357/2012', '2012-12-11', 148, 'HK463', 1),
('358/2012', '2012-12-12', 117, 'JB645', 1),
('359/2012', '2012-12-13', 252, 'FG613', 1),
('36/2012', '2012-06-15', 52, 'WW713', 1),
('36/2013', '2013-01-31', 105, 'FS911', 1),
('360/2012', '2012-12-13', 36, 'JK901', 1),
('361/2012', '2012-12-13', 263, 'AF560', 1),
('362/2012', '2012-12-13', 71, 'KW801', 1),
('363/2012', '2012-12-13', 70, 'SW504', 1),
('364/2012', '2012-12-13', 313, 'BB759', 1),
('365/2012', '2012-12-14', 210, 'MB603', 1),
('366/2012', '2012-12-14', 95, 'MS545', 1),
('367/2012', '2012-12-16', 468, 'AG136', 1),
('368/2012', '2012-12-16', 200, 'AZ370', 1),
('369/2012', '2012-12-16', 19, 'KK399', 1),
('37/2012', '2012-06-15', 154, 'MS545', 1),
('37/2013', '2013-01-31', 292, 'IB428', 1),
('370/2012', '2012-12-16', 230, 'MM926', 1),
('371/2012', '2012-12-16', 56, 'MB909', 1),
('372/2012', '2012-12-17', 395, 'HL980', 1),
('373/2012', '2012-12-17', 305, 'HL925', 1),
('374/2012', '2012-12-19', 260, 'EB376', 1),
('375/2012', '2012-12-20', 468, 'ED794', 1),
('376/2012', '2012-12-21', 309, 'AK935', 1),
('377/2012', '2012-12-21', 316, 'EK411', 1),
('378/2012', '2012-12-21', 271, 'AB679', 1),
('379/2012', '2012-12-21', 390, 'JZ669', 2),
('38/2012', '2012-06-15', 421, 'KJ646', 1),
('38/2013', '2013-01-31', 420, 'GL783', 1),
('380/2012', '2012-12-21', 518, 'TW624', 1),
('381/2012', '2012-12-21', 140, 'PG448', 1),
('382/2012', '2012-12-21', 457, 'BS343', 1),
('383/2012', '2012-12-21', 223, 'ES980', 1),
('384/2012', '2012-12-22', 20, 'BM408', 1),
('385/2012', '2012-12-23', 204, 'BB193', 1),
('386/2012', '2012-12-23', 401, 'UC613', 1),
('387/2012', '2012-12-23', 432, 'WR305', 1),
('388/2012', '2012-12-23', 282, 'MP056', 1),
('389/2012', '2012-12-23', 375, 'UW222', 1),
('39/2012', '2012-06-16', 405, 'PG448', 1),
('39/2013', '2013-02-01', 254, 'RW013', 1),
('390/2012', '2012-12-23', 220, 'HS605', 1),
('391/2012', '2012-12-23', 35, 'JK897', 1),
('392/2012', '2012-12-23', 225, 'KH743', 1),
('393/2012', '2012-12-23', 440, 'JS823', 1),
('394/2012', '2012-12-27', 213, 'HP518', 1),
('395/2012', '2012-12-27', 161, 'JM370', 1),
('396/2012', '2012-12-27', 180, 'OP885', 1),
('397/2012', '2012-12-27', 343, 'BS802', 1),
('398/2012', '2012-12-28', 149, 'DM646', 1),
('399/2012', '2012-12-29', 74, 'WW713', 1),
('4/2012', '2012-05-17', 311, 'KZ630', 1),
('4/2013', '2013-01-04', 530, 'MW455', 1),
('40/2012', '2012-06-17', 413, 'TL518', 1),
('40/2013', '2013-02-04', 317, 'SO683', 1),
('400/2012', '2012-12-31', 106, 'MD631', 1),
('41/2012', '2012-06-18', 422, 'BS343', 1),
('41/2013', '2013-02-04', 373, 'KP751', 2),
('42/2012', '2012-06-18', 325, 'TO616', 1),
('42/2013', '2013-02-04', 43, 'PD759', 1),
('43/2012', '2012-06-19', 293, 'KK399', 1),
('43/2013', '2013-02-04', 334, 'JS561', 1),
('44/2012', '2012-06-20', 374, 'MW455', 1),
('44/2013', '2013-02-08', 272, 'HS454', 1),
('45/2012', '2012-06-21', 45, 'KP135', 3),
('45/2013', '2013-02-09', 179, 'AZ877', 1),
('46/2012', '2012-06-22', 519, 'KG154', 1),
('46/2013', '2013-02-10', 163, 'MO607', 1),
('47/2012', '2012-06-23', 499, 'WM980', 2),
('47/2013', '2013-02-11', 169, 'MK651', 1),
('48/2012', '2012-06-24', 132, 'KW801', 1),
('48/2013', '2013-02-12', 238, 'RW437', 1),
('49/2012', '2012-06-25', 110, 'MS917', 1),
('49/2013', '2013-02-13', 188, 'LW238', 1),
('5/2012', '2012-05-18', 235, 'PM337', 1),
('5/2013', '2013-01-05', 268, 'MJ980', 1),
('50/2012', '2012-06-26', 134, 'AK935', 1),
('50/2013', '2013-02-14', 148, 'FB859', 1),
('51/2012', '2012-06-27', 13, 'AW703', 1),
('51/2013', '2013-02-15', 248, 'IK957', 1),
('52/2012', '2012-06-27', 414, 'HL980', 1),
('52/2013', '2013-02-15', 90, 'JJ331', 1),
('53/2012', '2012-06-27', 265, 'AB802', 1),
('53/2013', '2013-02-15', 397, 'MC265', 1),
('54/2012', '2012-06-28', 100, 'IO322', 1),
('54/2013', '2013-02-16', 116, 'HL305', 1),
('55/2012', '2012-06-28', 308, 'IM433', 1),
('55/2013', '2013-02-17', 93, 'MK151', 1),
('56/2012', '2012-06-29', 530, 'BW305', 1),
('56/2013', '2013-02-18', 437, 'PW634', 1),
('57/2012', '2012-06-30', 44, 'MM926', 1),
('57/2013', '2013-02-19', 502, 'JZ427', 1),
('58/2012', '2012-07-01', 390, 'FS911', 1),
('58/2013', '2013-02-20', 18, 'MK912', 1),
('59/2012', '2012-07-02', 168, 'HT909', 1),
('59/2013', '2013-02-21', 425, 'DG587', 1),
('6/2012', '2012-05-18', 492, 'MB485', 1),
('6/2013', '2013-01-05', 313, 'AK436', 1),
('60/2013', '2013-02-22', 357, 'MB485', 1),
('61/2012', '2012-07-03', 359, 'BK241', 1),
('61/2013', '2013-02-25', 170, 'KT061', 1),
('62/2012', '2012-07-03', 180, 'AK530', 1),
('62/2013', '2013-02-26', 530, 'KZ654', 1),
('63/2012', '2012-07-04', 466, 'MB909', 1),
('63/2013', '2013-02-27', 179, 'PP548', 1),
('64/2012', '2012-07-04', 415, 'MS545', 1),
('64/2013', '2013-02-28', 138, 'TB293', 1),
('65/2012', '2012-07-04', 524, 'JW868', 1),
('65/2013', '2013-02-28', 118, 'WW293', 1),
('66/2012', '2012-07-04', 484, 'AB679', 1),
('66/2013', '2013-02-28', 130, 'BH859', 1),
('67/2012', '2012-07-05', 418, 'EW677', 1),
('67/2013', '2013-02-28', 507, 'IM433', 2),
('68/2012', '2012-07-05', 487, 'AB514', 1),
('68/2013', '2013-03-01', 283, 'RZ166', 1),
('69/2012', '2012-07-05', 413, 'BM497', 1),
('69/2013', '2013-03-02', 51, 'KK743', 1),
('7/2012', '2012-05-18', 98, 'DP689', 1),
('7/2013', '2013-01-05', 38, 'BP518', 1),
('70/2012', '2012-07-05', 235, 'HS605', 1),
('70/2013', '2013-03-02', 370, 'KK813', 1),
('71/2012', '2012-07-06', 186, 'AZ370', 2),
('71/2013', '2013-03-02', 223, 'JH957', 2),
('72/2012', '2012-07-07', 130, 'AL097', 1),
('72/2013', '2013-03-02', 397, 'AK689', 1),
('73/2012', '2012-07-08', 400, 'JR765', 1),
('73/2013', '2013-03-02', 261, 'HB944', 1),
('74/2012', '2012-07-08', 170, 'AN941', 1),
('74/2013', '2013-03-02', 14, 'WP281', 1),
('75/2012', '2012-07-08', 308, 'UW222', 1),
('75/2013', '2013-03-03', 134, 'KZ596', 1),
('76/2012', '2012-07-08', 40, 'KB248', 1),
('76/2013', '2013-03-04', 203, 'JR765', 1),
('77/2012', '2012-07-09', 246, 'ML454', 1),
('77/2013', '2013-03-05', 351, 'DK104', 1),
('78/2012', '2012-07-09', 90, 'JR274', 1),
('78/2013', '2013-03-06', 269, 'AK485', 1),
('79/2012', '2012-07-10', 21, 'EK855', 1),
('79/2013', '2013-03-06', 20, 'HB689', 1),
('8/2012', '2012-05-18', 72, 'JK086', 1),
('8/2013', '2013-01-05', 262, 'EW677', 1),
('80/2012', '2012-07-10', 423, 'TR502', 1),
('80/2013', '2013-03-08', 5, 'AK651', 1),
('81/2012', '2012-07-10', 102, 'PW634', 1),
('81/2013', '2013-03-09', 387, 'AB514', 1),
('82/2012', '2012-07-10', 139, 'BM408', 1),
('83/2012', '2012-07-11', 220, 'KZ654', 1),
('83/2013', '2013-03-12', 530, 'DJ666', 1),
('84/2012', '2012-07-12', 533, 'FW613', 1),
('84/2013', '2013-03-12', 195, 'NN413', 1),
('85/2012', '2012-07-12', 280, 'SO683', 1),
('85/2013', '2013-03-13', 207, 'LL084', 1),
('86/2012', '2012-07-12', 488, 'KJ646', 1),
('86/2013', '2013-03-13', 18, 'JJ613', 1),
('87/2012', '2012-07-13', 287, 'BS596', 1),
('87/2013', '2013-03-13', 377, 'MS917', 1),
('88/2012', '2012-07-14', 159, 'MS545', 1),
('88/2013', '2013-03-14', 120, 'BM205', 1),
('89/2012', '2012-07-15', 83, 'DJ666', 1),
('89/2013', '2013-03-15', 105, 'BS596', 1),
('9/2012', '2012-05-18', 521, 'AN852', 1),
('9/2013', '2013-01-05', 516, 'BL202', 1),
('90/2012', '2012-07-15', 290, 'DG587', 1),
('90/2013', '2013-03-15', 441, 'ML013', 1),
('91/2012', '2012-07-15', 66, 'JK619', 1),
('91/2013', '2013-03-17', 265, 'TR502', 1),
('92/2012', '2012-07-15', 381, 'KZ596', 1),
('92/2013', '2013-03-18', 17, 'AZ025', 1),
('93/2012', '2012-07-15', 132, 'MB630', 1),
('93/2013', '2013-03-19', 364, 'EK143', 1),
('94/2013', '2013-03-20', 125, 'JK086', 1),
('95/2012', '2012-07-17', 289, 'EW677', 1),
('95/2013', '2013-03-20', 507, 'AN852', 1),
('96/2012', '2012-07-18', 244, 'AS370', 1),
('96/2013', '2013-03-20', 445, 'WW713', 1),
('97/2012', '2012-07-19', 380, 'JR274', 1),
('97/2013', '2013-03-20', 44, 'KZ596', 1),
('98/2012', '2012-07-20', 233, 'KK813', 1),
('98/2013', '2013-03-20', 176, 'BH859', 1),
('99/2012', '2012-07-21', 191, 'WW293', 1),
('99/2013', '2013-03-23', 99, 'BM408', 1);

--
-- Indexes for dumped tables
--

--
-- Indexes for table `klienci`
--
ALTER TABLE `klienci`
  ADD PRIMARY KEY (`id_klienta`);

--
-- Indexes for table `produkty`
--
ALTER TABLE `produkty`
  ADD PRIMARY KEY (`id_produktu`);

--
-- Indexes for table `zamowienia`
--
ALTER TABLE `zamowienia`
  ADD PRIMARY KEY (`id_zamowienia`),
  ADD KEY `id_produktu` (`id_produktu`),
  ADD KEY `id_klienta` (`id_klienta`);

--
-- AUTO_INCREMENT for dumped tables
--

--
-- AUTO_INCREMENT for table `produkty`
--
ALTER TABLE `produkty`
  MODIFY `id_produktu` int(11) NOT NULL AUTO_INCREMENT, AUTO_INCREMENT=537;

--
-- Constraints for dumped tables
--

--
-- Constraints for table `zamowienia`
--
ALTER TABLE `zamowienia`
  ADD CONSTRAINT `zamowienia_ibfk_1` FOREIGN KEY (`id_produktu`) REFERENCES `produkty` (`id_produktu`),
  ADD CONSTRAINT `zamowienia_ibfk_2` FOREIGN KEY (`id_klienta`) REFERENCES `klienci` (`id_klienta`);
COMMIT;

/*!40101 SET CHARACTER_SET_CLIENT=@OLD_CHARACTER_SET_CLIENT */;
/*!40101 SET CHARACTER_SET_RESULTS=@OLD_CHARACTER_SET_RESULTS */;
/*!40101 SET COLLATION_CONNECTION=@OLD_COLLATION_CONNECTION */;
