-- phpMyAdmin SQL Dump
-- version 5.0.4
-- https://www.phpmyadmin.net/
--
-- Host: 127.0.0.1
-- Czas generowania: 24 Kwi 2021, 19:22
-- Wersja serwera: 10.4.17-MariaDB
-- Wersja PHP: 8.0.1

SET SQL_MODE = "NO_AUTO_VALUE_ON_ZERO";
START TRANSACTION;
SET time_zone = "+00:00";


/*!40101 SET @OLD_CHARACTER_SET_CLIENT=@@CHARACTER_SET_CLIENT */;
/*!40101 SET @OLD_CHARACTER_SET_RESULTS=@@CHARACTER_SET_RESULTS */;
/*!40101 SET @OLD_COLLATION_CONNECTION=@@COLLATION_CONNECTION */;
/*!40101 SET NAMES utf8mb4 */;

--
-- Baza danych: `rybarczyk_2015`
--

-- --------------------------------------------------------

--
-- Struktura tabeli dla tabeli `kierowcy`
--

CREATE TABLE `kierowcy` (
  `pesel` char(11) NOT NULL,
  `data_prawa_jazdy` date NOT NULL,
  `miasto` varchar(20) NOT NULL
) ENGINE=InnoDB DEFAULT CHARSET=utf8mb4;

--
-- Zrzut danych tabeli `kierowcy`
--

INSERT INTO `kierowcy` (`pesel`, `data_prawa_jazdy`, `miasto`) VALUES
('46011466970', '1967-09-09', 'Krakow'),
('46020991650', '1987-09-21', 'Lodz'),
('46021119237', '1967-12-12', 'Rzeszow'),
('46021336913', '1967-09-09', 'Warka'),
('46022413514', '1987-09-21', 'Tychy'),
('46030620238', '1967-12-12', 'Warszawa'),
('46032445608', '1987-12-12', 'Warszawa'),
('46040622156', '1988-01-02', 'Miechow'),
('46041442805', '1978-09-23', 'Krakow'),
('46043062788', '1998-04-04', 'Gdansk'),
('46051942290', '1967-09-09', 'Sopot'),
('46052305496', '1987-09-21', 'Skawina'),
('46052453908', '1967-12-12', 'Zakopane'),
('46053054085', '1967-09-09', 'Zakopane'),
('46060377898', '1987-09-21', 'Zakopane'),
('46061461215', '1967-12-12', 'Zakopane'),
('46062764959', '1987-12-12', 'Krakow'),
('46073182890', '1988-01-02', 'Krakow'),
('46080423256', '1978-09-23', 'Krakow'),
('46081885932', '1998-04-04', 'Warszawa'),
('46082065311', '1967-09-09', 'Warszawa'),
('46082878948', '1987-09-21', 'Warszawa'),
('46083050756', '1967-12-12', 'Warszawa'),
('47010202392', '1970-01-01', 'Warszawa'),
('47011947472', '1970-01-02', 'Warszawa'),
('47021830810', '1970-01-03', 'Warszawa'),
('47030589952', '1970-01-04', 'Pruszkow'),
('47031820856', '1970-01-05', 'Wyszkow'),
('47032407216', '1970-01-06', 'Elblag'),
('47032598027', '1970-01-07', 'Krakow'),
('47032598048', '1970-01-21', 'Lodz'),
('47041487892', '1970-02-09', 'Lodz'),
('47050427223', '1971-01-10', 'Poznan'),
('47050970431', '1970-01-11', 'Pruszkow'),
('47052186876', '1970-01-12', 'Wyszkow'),
('47052983237', '1970-01-13', 'Elblag'),
('47053779598', '2011-02-09', 'Krakow'),
('47071003349', '1970-01-14', 'Lodz'),
('47071280795', '1970-01-15', 'Poznan'),
('47082597987', '1971-04-01', 'Pruszkow'),
('47083070698', '1971-04-03', 'Wyszkow'),
('47083087902', '1971-04-05', 'Elblag'),
('48010504088', '1971-04-07', 'Lodz'),
('48011656289', '1971-04-09', 'Poznan'),
('48020465470', '1971-04-11', 'Pruszkow'),
('48020760063', '1971-04-13', 'Wyszkow'),
('48021648814', '1971-04-15', 'Elblag'),
('48022170055', '1971-04-17', 'Lodz'),
('48031914998', '1971-04-19', 'Poznan'),
('48032154528', '1971-04-21', 'Pruszkow'),
('48032754766', '1971-04-23', 'Wyszkow'),
('48040382676', '1971-04-25', 'Elblag'),
('48042923877', '1972-04-27', 'Lodz'),
('48060489023', '1975-04-29', 'Poznan'),
('48070903616', '1971-12-01', 'Pruszkow'),
('48080940272', '1971-05-03', 'Wyszkow'),
('48081892851', '1977-06-06', 'Elblag'),
('48082674845', '1977-06-10', 'Lodz'),
('49010235558', '1977-06-14', 'Poznan'),
('49010739731', '1977-06-18', 'Pruszkow'),
('49012817288', '1977-06-22', 'Wyszkow'),
('49021050432', '1977-06-26', 'Elblag'),
('49021619936', '1977-06-30', 'Lodz'),
('49031259672', '1977-07-04', 'Poznan'),
('49033115660', '1977-07-08', 'Pruszkow'),
('49040370982', '1977-07-12', 'Wyszkow'),
('49041041302', '1977-07-16', 'Elblag'),
('49041743211', '1977-07-20', 'Lodz'),
('49042572535', '1977-07-24', 'Sedziszow'),
('49051423949', '1977-07-28', 'Sedziszow'),
('49053087255', '1977-08-01', 'Sedziszow'),
('49060428878', '1977-08-05', 'Krakow'),
('49060974720', '1977-08-09', 'Warszawa'),
('49060987956', '1975-08-13', 'Rzeszow'),
('49061136860', '1975-11-17', 'Krakow'),
('49061817529', '1977-08-21', 'Warszawa'),
('49070676845', '1977-09-01', 'Krakow'),
('49072881500', '1977-09-12', 'Warszawa'),
('49081575670', '1977-09-23', 'Krakow'),
('49082322103', '1977-10-04', 'Warszawa'),
('49082392869', '1977-10-15', 'Krakow'),
('49082653548', '1977-10-26', 'Warszawa'),
('50020444537', '1977-11-06', 'Opole'),
('50022811333', '1977-11-17', 'Wroclaw'),
('50031383814', '1977-11-28', 'Wroclaw'),
('50031962161', '1977-12-09', 'Krakow'),
('50032536884', '1977-12-20', 'Warszawa'),
('50040474996', '1977-12-31', 'Opole'),
('50042299595', '1978-01-11', 'Wroclaw'),
('50050416519', '1978-01-22', 'Wroclaw'),
('50051480353', '1978-02-02', 'Krakow'),
('50051521568', '1978-02-13', 'Warszawa'),
('50061687492', '1978-02-24', 'Opole'),
('50062002797', '1978-03-07', 'Wroclaw'),
('50062806261', '1978-03-18', 'Wroclaw'),
('50062925171', '1978-03-29', 'Krakow'),
('50070184854', '1978-04-09', 'Warszawa'),
('50071637405', '1978-04-20', 'Opole'),
('51010332135', '1978-05-01', 'Wroclaw'),
('51011724575', '1978-05-12', 'Wroclaw'),
('51012668900', '1978-05-23', 'Krakow'),
('51020542232', '1978-06-03', 'Warszawa'),
('51020720139', '1978-06-14', 'Opole'),
('51022589789', '1978-06-25', 'Wroclaw'),
('51030275258', '1978-07-06', 'Wroclaw'),
('51030558874', '1978-07-17', 'Krakow'),
('51031812876', '1978-07-28', 'Warszawa'),
('51032881974', '1978-08-08', 'Opole'),
('51040359643', '1978-08-19', 'Gdansk'),
('51041299678', '1978-08-30', 'Sopot'),
('51042096137', '1978-09-10', 'Rzeszow'),
('51042472562', '1978-09-21', 'Lublin'),
('51042803935', '1978-10-02', 'Chelm'),
('51052640610', '1978-10-13', 'Krakow'),
('51053111470', '1978-10-24', 'Warszawa'),
('51060797230', '1978-11-04', 'Opole'),
('51070170625', '1978-11-15', 'Gdansk'),
('51070327317', '1978-11-26', 'Sopot'),
('51070658882', '1978-12-07', 'Rzeszow'),
('51071988775', '1978-12-18', 'Lublin'),
('51072078693', '1978-12-29', 'Chelm'),
('51081031900', '1979-01-09', 'Krakow'),
('51081417069', '1979-01-20', 'Warszawa'),
('52010124205', '1979-01-31', 'Opole'),
('52011451034', '1979-02-11', 'Gdansk'),
('52012727116', '1979-02-22', 'Sopot'),
('52020266689', '1979-03-05', 'Rzeszow'),
('52020392377', '1979-03-16', 'Lublin'),
('52020552034', '1979-03-27', 'Chelm'),
('52020642168', '1979-04-07', 'Poznan'),
('52020978980', '1979-04-18', 'Pruszkow'),
('52022473704', '1979-04-29', 'Bydgoszcz'),
('52031822524', '1979-05-10', 'Zielona Gora'),
('52032900072', '1979-05-21', 'Lomza'),
('52041184472', '1979-06-01', 'Krakow'),
('52052985806', '1979-06-12', 'Warszawa'),
('52062277807', '1979-06-23', 'Krakow'),
('52062994373', '1979-07-04', 'Krakow'),
('52070570651', '1979-07-15', 'Lodz'),
('52071670305', '1979-07-26', 'Rzeszow'),
('52072709095', '1979-08-06', 'Warka'),
('52080329485', '1979-08-17', 'Tychy'),
('52081491415', '1979-08-28', 'Warszawa'),
('52081917351', '1979-09-08', 'Warszawa'),
('52082959989', '1979-09-19', 'Miechow'),
('53010873595', '1979-09-30', 'Krakow'),
('53013041854', '1979-10-11', 'Gdansk'),
('53031682600', '1979-10-22', 'Sopot'),
('53032143221', '1979-11-02', 'Skawina'),
('53032333871', '1979-11-13', 'Zakopane'),
('53040550895', '1979-11-24', 'Zakopane'),
('53040668053', '1979-12-05', 'Zakopane'),
('53060961790', '1979-12-16', 'Zakopane'),
('53061133307', '1979-12-27', 'Krakow'),
('53061152661', '1980-01-07', 'Krakow'),
('53070987066', '1980-01-18', 'Warka'),
('53080101927', '1980-01-29', 'Krakow'),
('53082056089', '1980-02-09', 'Warszawa'),
('53082515548', '1980-02-20', 'Warszawa'),
('54010520609', '1980-03-02', 'Warszawa'),
('54012409115', '1980-03-13', 'Warszawa'),
('54020611490', '1980-03-24', 'Warszawa'),
('54022292433', '1980-04-04', 'Warszawa'),
('54023009742', '1980-04-15', 'Warszawa'),
('54030119920', '1980-04-26', 'Pruszkow'),
('54030317106', '1980-05-07', 'Wyszkow'),
('54031873326', '1980-05-18', 'Elblag'),
('54032489173', '1980-05-29', 'Lodz'),
('54032857200', '1980-06-09', 'Poznan'),
('54042703946', '1980-06-20', 'Pruszkow'),
('54050323909', '1980-07-01', 'Wyszkow'),
('54051014059', '1980-07-12', 'Elblag'),
('54052490841', '1980-07-23', 'Lodz'),
('54060496574', '1980-08-03', 'Poznan'),
('54061733382', '1980-08-14', 'Pruszkow'),
('54072239147', '1980-08-25', 'Wyszkow'),
('54081004691', '1980-09-05', 'Elblag'),
('55010297573', '1980-09-16', 'Lodz'),
('55010760572', '1980-09-27', 'Poznan'),
('55022400688', '1980-10-08', 'Pruszkow'),
('55023185319', '1980-10-19', 'Wyszkow'),
('55032120431', '1980-10-30', 'Elblag'),
('55032279333', '1980-11-10', 'Lodz'),
('55041701362', '1980-11-21', 'Poznan'),
('55042474258', '1980-12-02', 'Pruszkow'),
('55050580936', '1980-12-13', 'Wyszkow'),
('55052390957', '1980-12-24', 'Elblag'),
('55072966835', '1981-01-04', 'Lodz'),
('55080281557', '1981-01-15', 'Poznan'),
('55081052660', '1981-01-26', 'Pruszkow'),
('55081325955', '1981-02-06', 'Wyszkow'),
('56011138636', '1981-02-17', 'Elblag'),
('56021518813', '1981-02-28', 'Lodz'),
('56022943739', '1981-03-11', 'Poznan'),
('56032295004', '1981-03-22', 'Pruszkow'),
('56041029463', '1981-04-02', 'Wyszkow'),
('56042492334', '1981-04-13', 'Elblag'),
('56061135034', '1981-04-24', 'Lodz'),
('56070414962', '1981-05-05', 'Poznan'),
('56070476895', '1981-05-16', 'Tychy'),
('56070576888', '1981-05-27', 'Warszawa'),
('56070615011', '1981-06-07', 'Pruszkow'),
('56080747096', '1981-06-18', 'Wyszkow'),
('57011115436', '1981-06-29', 'Elblag'),
('57011203957', '1981-07-10', 'Lodz'),
('57011431132', '1981-07-21', 'Sedziszow'),
('57011497877', '1981-08-01', 'Sedziszow'),
('57020517254', '1981-08-12', 'Sedziszow'),
('57020604385', '1981-08-23', 'Krakow'),
('57020938389', '1981-09-03', 'Warszawa'),
('57020972316', '1981-09-14', 'Krakow'),
('57021247282', '1981-09-25', 'Warszawa'),
('57022019563', '1981-10-06', 'Krakow'),
('57022063289', '1981-10-17', 'Warszawa'),
('57030730425', '1981-10-28', 'Krakow'),
('57030797307', '1981-11-08', 'Warszawa'),
('57031573494', '1981-11-19', 'Krakow'),
('57051324320', '1981-11-30', 'Warszawa'),
('57052397934', '1981-12-11', 'Opole'),
('57060394750', '1981-12-22', 'Wroclaw'),
('57062976626', '1982-01-02', 'Wroclaw'),
('57072234099', '1982-01-13', 'Krakow'),
('57072860959', '1982-01-24', 'Warszawa'),
('57081290835', '1982-02-04', 'Opole'),
('57091566457', '1982-02-15', 'Warszawa'),
('57101566451', '1982-02-26', 'Miechow'),
('58020427974', '1982-03-09', 'Wroclaw'),
('58021838845', '1982-03-20', 'Wroclaw'),
('58022615384', '1982-03-31', 'Krakow'),
('58023137386', '1982-04-11', 'Warszawa'),
('58030854177', '1982-04-22', 'Opole'),
('58033066128', '1982-05-03', 'Wroclaw'),
('58041437527', '1982-05-14', 'Wroclaw'),
('58042112180', '1982-05-25', 'Krakow'),
('58051001785', '1982-06-05', 'Warszawa'),
('58051145351', '1982-06-16', 'Opole'),
('58060709470', '1982-06-27', 'Wroclaw'),
('58061266622', '1982-07-08', 'Wroclaw'),
('58070656216', '1982-07-19', 'Krakow'),
('58071296547', '1982-07-30', 'Warszawa'),
('58071789917', '1982-08-10', 'Opole'),
('58072234744', '1982-08-21', 'Wroclaw'),
('58072850731', '1982-09-01', 'Wroclaw'),
('58073022657', '1982-09-12', 'Krakow'),
('58083146445', '1982-09-23', 'Krakow'),
('59010522224', '1982-10-04', 'Warszawa'),
('59011820550', '1982-10-15', 'Opole'),
('59013009470', '1982-10-26', 'Gdansk'),
('59020304760', '1982-11-06', 'Sopot'),
('59022173641', '1982-11-17', 'Rzeszow'),
('59031732352', '1982-11-28', 'Lublin'),
('59032703780', '1982-12-09', 'Chelm'),
('59040877488', '1982-12-20', 'Krakow'),
('59041592739', '1982-12-31', 'Warszawa'),
('59042500616', '1983-01-11', 'Opole'),
('59050269271', '1983-01-22', 'Gdansk'),
('59050332838', '1983-02-02', 'Sopot'),
('59070365986', '1983-02-13', 'Rzeszow'),
('59071561510', '1983-02-24', 'Lublin'),
('59071769949', '1983-03-07', 'Chelm'),
('59072599516', '1983-03-18', 'Krakow'),
('59073124764', '1983-03-29', 'Warszawa'),
('59092098710', '1983-04-09', 'Gdansk'),
('60010277045', '1983-04-20', 'Opole'),
('60010473250', '1983-05-01', 'Gdansk'),
('60011168304', '1983-05-12', 'Sopot'),
('60012759556', '1983-05-23', 'Rzeszow'),
('60021281905', '1983-06-03', 'Lublin'),
('60031387558', '1983-06-14', 'Chelm'),
('60031961312', '1983-06-25', 'Poznan'),
('60040769196', '1983-07-06', 'Pruszkow'),
('60041619612', '1983-07-17', 'Bydgoszcz'),
('60043054745', '1983-07-28', 'Zielona Gora'),
('60043138429', '1983-08-08', 'Lomza'),
('60050201073', '1983-08-19', 'Krakow'),
('60050547348', '1983-08-30', 'Warszawa'),
('60050671713', '1983-09-10', 'Krakow'),
('60052703849', '1983-09-21', 'Krakow'),
('60052788336', '1983-10-02', 'Lodz'),
('60053088817', '1983-10-13', 'Rzeszow'),
('60061267978', '1983-10-24', 'Warka'),
('60061865589', '1983-11-04', 'Tychy'),
('60070956944', '1983-11-15', 'Warszawa'),
('60071127932', '1983-11-26', 'Warszawa'),
('60072720653', '1983-12-07', 'Miechow'),
('60080726065', '1983-12-18', 'Krakow'),
('60081464407', '1983-12-29', 'Gdansk'),
('61012279790', '1984-01-09', 'Sopot'),
('61020292846', '1984-01-20', 'Skawina'),
('61021810933', '1984-01-31', 'Zakopane'),
('61022296800', '1984-02-11', 'Zakopane'),
('61031104103', '1984-02-22', 'Zakopane'),
('61032006107', '1984-03-04', 'Zakopane'),
('61032720014', '1984-03-15', 'Krakow'),
('61050332084', '1984-03-26', 'Krakow'),
('61052704540', '1984-04-06', 'Krakow'),
('61052950125', '1984-04-17', 'Warszawa'),
('61062020490', '1984-04-28', 'Warszawa'),
('61062963757', '1984-05-09', 'Warszawa'),
('61080365225', '1984-05-20', 'Warszawa'),
('61080996814', '1984-05-31', 'Warszawa'),
('61081265593', '1984-06-11', 'Warszawa'),
('61081473918', '1984-06-22', 'Warszawa'),
('61082403572', '1984-07-03', 'Pruszkow'),
('61082948857', '1984-07-14', 'Wyszkow'),
('61083058290', '1984-07-25', 'Elblag'),
('62011655277', '1984-08-05', 'Lodz'),
('62011695163', '1984-08-16', 'Poznan'),
('62011934271', '1984-08-27', 'Pruszkow'),
('62020948331', '1984-09-07', 'Wyszkow'),
('62022868857', '1984-09-18', 'Elblag'),
('62031269476', '1984-09-29', 'Lodz'),
('62040589086', '1984-10-10', 'Poznan'),
('62041460045', '1984-10-21', 'Pruszkow'),
('62051358846', '1984-11-01', 'Wyszkow'),
('62051903961', '1984-11-12', 'Elblag'),
('62051920018', '1984-11-23', 'Lodz'),
('62052709603', '1984-12-04', 'Poznan'),
('62052849084', '1984-12-15', 'Pruszkow'),
('62062945583', '1984-12-26', 'Wyszkow'),
('62062960669', '1985-01-06', 'Elblag'),
('62071578176', '1985-01-17', 'Lodz'),
('62071711090', '1985-01-28', 'Poznan'),
('62072015643', '1985-02-08', 'Pruszkow'),
('62072253999', '1985-02-19', 'Wyszkow'),
('63010709806', '1985-03-02', 'Elblag'),
('63010758879', '1985-03-13', 'Lodz'),
('63020259210', '1985-03-24', 'Poznan'),
('63020938526', '1985-04-04', 'Pruszkow'),
('63022684906', '1985-04-15', 'Wyszkow'),
('63041309329', '1985-04-26', 'Elblag'),
('63041987576', '1985-05-07', 'Lodz'),
('63043100652', '1985-05-18', 'Poznan'),
('63051498118', '1985-05-29', 'Pruszkow'),
('63052589877', '1985-06-09', 'Wyszkow'),
('63052636623', '1985-06-20', 'Elblag'),
('63061111360', '1985-07-01', 'Lodz'),
('63061649331', '1985-07-12', 'Poznan'),
('63062873269', '1985-07-23', 'Pruszkow'),
('63062948422', '1985-08-03', 'Wyszkow'),
('63070107099', '1985-08-14', 'Elblag'),
('63072544100', '1985-08-25', 'Lodz'),
('63072656867', '1985-09-05', 'Sedziszow'),
('63082017070', '1985-09-16', 'Sedziszow'),
('63082096806', '1985-09-27', 'Sedziszow'),
('63082755819', '1985-10-08', 'Krakow'),
('63083100472', '1985-10-19', 'Warszawa'),
('64010345124', '1985-10-30', 'Krakow'),
('64012022764', '1985-11-10', 'Warszawa'),
('64012826252', '1985-11-21', 'Krakow'),
('64021933695', '1985-12-02', 'Warszawa'),
('64030181212', '1985-12-13', 'Krakow'),
('64030292084', '1985-12-24', 'Warszawa'),
('64032113198', '1986-01-04', 'Krakow'),
('64032309553', '1986-01-15', 'Warszawa'),
('64032447178', '1986-01-26', 'Opole'),
('64040392662', '1986-02-06', 'Wroclaw'),
('64042228989', '1986-02-17', 'Wroclaw'),
('64051797696', '1986-02-28', 'Krakow'),
('64052767917', '1986-03-11', 'Warszawa'),
('64060788139', '1986-03-22', 'Opole'),
('64061711864', '1986-04-02', 'Wroclaw'),
('64062775711', '1986-04-13', 'Wroclaw'),
('64071032276', '1986-04-24', 'Krakow'),
('64071194501', '1986-05-05', 'Warszawa'),
('64072172748', '1986-05-16', 'Opole'),
('64072869277', '1986-05-27', 'Wroclaw'),
('64080832953', '1986-06-07', 'Wroclaw'),
('64083030655', '1986-06-18', 'Krakow'),
('65010295242', '1986-06-29', 'Warszawa'),
('65011176126', '1986-07-10', 'Opole'),
('65032546119', '1986-07-21', 'Wroclaw'),
('65032927532', '1986-08-01', 'Wroclaw'),
('65041472416', '1986-08-12', 'Krakow'),
('65041986739', '1986-08-23', 'Warszawa'),
('65042219946', '1986-09-03', 'Opole'),
('65051837999', '1986-09-14', 'Wroclaw'),
('65071807152', '1986-09-25', 'Wroclaw'),
('65072490045', '1986-10-06', 'Sopot'),
('65080912814', '1986-10-17', 'Krakow'),
('65080951143', '1986-10-28', 'Warszawa'),
('65082890067', '1986-11-08', 'Skawina'),
('65082890107', '1986-11-19', 'Zakopane'),
('65092490015', '1986-11-30', 'Zakopane'),
('65092890062', '1986-12-11', 'Zakopane'),
('66012953051', '1986-12-22', 'Opole'),
('66021648856', '1987-01-02', 'Gdansk'),
('66030685027', '1987-01-13', 'Zakopane'),
('66030873771', '1987-01-24', 'Sopot'),
('66032684427', '1987-02-04', 'Krakow'),
('66032816415', '1987-02-15', 'Rzeszow'),
('66040707105', '1987-02-26', 'Lublin'),
('66052886517', '1987-03-09', 'Chelm'),
('66071450180', '1987-03-20', 'Krakow'),
('66080201887', '1987-03-31', 'Warszawa'),
('66081501146', '1987-04-11', 'Opole'),
('66082130060', '1987-04-22', 'Gdansk'),
('67011611290', '1987-05-03', 'Sopot'),
('67020855216', '1987-05-14', 'Rzeszow'),
('67021777827', '1987-05-25', 'Lublin'),
('67022437717', '1987-06-05', 'Chelm'),
('67032058465', '1987-06-16', 'Krakow'),
('67032571100', '1987-06-27', 'Warszawa'),
('67040514269', '1987-07-08', 'Opole'),
('67040759741', '1987-07-19', 'Gdansk'),
('67041150695', '1987-07-30', 'Sopot'),
('67042967171', '1987-08-10', 'Rzeszow'),
('67051825097', '1987-08-21', 'Lublin'),
('67061110749', '1987-09-01', 'Chelm'),
('67070660543', '1987-09-12', 'Poznan'),
('67081491310', '1987-09-23', 'Pruszkow'),
('67082189504', '1987-10-04', 'Bydgoszcz'),
('68010959879', '1987-10-15', 'Zielona Gora'),
('68011651046', '1987-10-26', 'Lomza'),
('68021942220', '1987-11-06', 'Krakow'),
('68022790617', '1987-11-17', 'Warszawa'),
('68022922131', '1987-11-28', 'Krakow'),
('68032000728', '1987-12-09', 'Krakow'),
('68032717574', '1987-12-20', 'Lodz'),
('68040708094', '1987-12-31', 'Rzeszow'),
('68043054666', '1988-01-11', 'Warka'),
('68052234215', '1988-01-22', 'Tychy'),
('68052425538', '1988-02-02', 'Warszawa'),
('68062446765', '1988-02-13', 'Warszawa'),
('68062671725', '1988-02-24', 'Miechow'),
('68063174647', '1988-03-06', 'Krakow'),
('68071435985', '1988-03-17', 'Gdansk'),
('68080400280', '1988-03-28', 'Sopot'),
('68081414545', '1988-04-08', 'Skawina'),
('68081903379', '1988-04-19', 'Zakopane'),
('69010302292', '1988-04-30', 'Zakopane'),
('69010552499', '1988-05-11', 'Zakopane'),
('69012637165', '1988-05-22', 'Zakopane'),
('69013075070', '1988-06-02', 'Krakow'),
('69013184895', '1988-06-13', 'Krakow'),
('69020166819', '1988-06-24', 'Krakow'),
('69022825875', '1988-07-05', 'Warszawa'),
('69023062143', '1988-07-16', 'Warszawa'),
('69030168539', '1988-07-27', 'Warszawa'),
('69030536239', '1988-08-07', 'Warszawa'),
('69032114200', '1988-08-18', 'Warszawa'),
('69032195977', '1988-08-29', 'Bydgoszcz'),
('69032825807', '1988-09-09', 'Wroclaw'),
('69040425451', '1988-09-20', 'Sandomierz'),
('69052711577', '1988-10-01', 'Katowice'),
('69053036196', '1988-10-12', 'Bydgoszcz'),
('69061323804', '1988-10-23', 'Wroclaw'),
('69070691165', '1988-11-03', 'Sandomierz'),
('69071605291', '1988-11-14', 'Katowice'),
('69082693845', '1988-11-25', 'Bydgoszcz'),
('70012069658', '1988-12-06', 'Wroclaw'),
('70012287342', '1988-12-17', 'Sandomierz'),
('70012316491', '1988-12-28', 'Katowice'),
('70020456516', '1989-01-08', 'Bydgoszcz'),
('70020801408', '1989-01-19', 'Wroclaw'),
('70020991785', '1989-01-30', 'Sandomierz'),
('70032564155', '1989-02-10', 'Katowice'),
('70041258386', '1989-02-21', 'Bydgoszcz'),
('70041340238', '1989-03-04', 'Wroclaw'),
('70041843991', '1989-03-15', 'Sandomierz'),
('70050114156', '1989-03-26', 'Katowice'),
('70050871037', '1989-04-06', 'Bydgoszcz'),
('70051437179', '1989-04-17', 'Wroclaw'),
('70051822032', '1989-04-28', 'Sandomierz'),
('70052059536', '1989-05-09', 'Katowice'),
('70052496496', '1989-05-20', 'Bydgoszcz'),
('70052764984', '1989-05-31', 'Wroclaw'),
('70062507795', '1989-06-11', 'Sandomierz'),
('70063133210', '1989-06-22', 'Katowice'),
('70063159731', '1989-07-03', 'Bydgoszcz'),
('70070304333', '1989-07-14', 'Wroclaw'),
('70071994416', '1989-07-25', 'Sandomierz'),
('70081101879', '1989-08-05', 'Katowice'),
('70081560959', '1989-08-16', 'Bydgoszcz'),
('70082516713', '1989-08-27', 'Wroclaw'),
('70100775818', '1989-09-07', 'Krakow'),
('70120675818', '1989-09-18', 'Krakow'),
('70120675819', '1989-09-29', 'Warszawa'),
('71012048184', '1989-10-10', 'Sandomierz'),
('71012377596', '1989-10-21', 'Katowice'),
('71013062824', '1989-11-01', 'Bydgoszcz'),
('71013077280', '1989-11-12', 'Wroclaw'),
('71020407397', '1989-11-23', 'Sandomierz'),
('71021394867', '1989-12-04', 'Katowice'),
('71022675598', '1989-12-15', 'Warszawa'),
('71030351925', '1989-12-26', 'Bydgoszcz'),
('71031018607', '1990-01-06', 'Wroclaw'),
('71031147039', '1990-01-17', 'Sandomierz'),
('71032675523', '1990-01-28', 'Warszawa'),
('71040627344', '1990-02-08', 'Katowice'),
('71042124658', '1990-02-19', 'Warszawa'),
('71052968118', '1990-03-02', 'Krakow'),
('71060533751', '1990-03-13', 'Kielce'),
('71060537519', '1990-03-24', 'Kielce'),
('71060671512', '1990-04-04', 'Kielce'),
('71062833682', '1990-04-15', 'Elblag'),
('71071501439', '1990-04-26', 'Szczecin'),
('71072004832', '1990-05-07', 'Kielce'),
('71072192667', '1990-05-18', 'Elblag'),
('71073028725', '1990-05-29', 'Szczecin'),
('71073149125', '1990-06-09', 'Kielce'),
('72010715166', '1990-06-20', 'Elblag'),
('72011492264', '1990-07-01', 'Szczecin'),
('72012228981', '1990-07-12', 'Kielce'),
('72012974929', '1990-07-23', 'Elblag'),
('72022265080', '1990-08-03', 'Szczecin'),
('72023178170', '1990-08-14', 'Kielce'),
('72032080972', '1990-08-25', 'Elblag'),
('72051646698', '1990-09-05', 'Szczecin'),
('72060737114', '1990-09-16', 'Kielce'),
('72062815890', '1990-09-27', 'Elblag'),
('72071493551', '1990-10-08', 'Szczecin'),
('72080239786', '1990-10-19', 'Kielce'),
('72081720313', '1990-10-30', 'Elblag'),
('73020416836', '1995-11-10', 'Szczecin'),
('73020854438', '1994-11-21', 'Kielce'),
('73022098738', '1988-12-02', 'Warszawa'),
('73029098768', '1991-12-13', 'Warszawa'),
('73030899030', '1991-12-24', 'Elblag'),
('73033158745', '1992-01-05', 'Koszalin'),
('73040156761', '1992-01-28', 'Krakow'),
('73042355588', '1992-02-20', 'Szczecin'),
('73042942423', '1992-03-14', 'Jelenia Gora'),
('73050412326', '1992-04-06', 'Warszawa'),
('73050512356', '1992-04-29', 'Warszawa'),
('73051384236', '1992-05-22', 'Kielce'),
('73052776846', '1992-06-14', 'Pruszkow'),
('73060123990', '1992-07-07', 'Elblag'),
('73060270296', '1992-07-30', 'Koszalin'),
('73060695660', '1992-08-22', 'Krakow'),
('73061018659', '1992-09-14', 'Szczecin'),
('73061185364', '1992-10-07', 'Jelenia Gora'),
('73062212304', '1992-10-30', 'Kielce'),
('73062715630', '1992-11-22', 'Elblag'),
('73071007694', '1992-12-15', 'Koszalin'),
('73071550642', '1993-01-07', 'Krakow'),
('73071683368', '1993-01-30', 'Szczecin'),
('73071962089', '1993-02-22', 'Jelenia Gora'),
('73082076855', '1993-03-17', 'Wyszkow'),
('73082776855', '1993-04-09', 'Elblag'),
('73092076849', '1993-05-02', 'Lodz'),
('74010653859', '1993-05-25', 'Kielce'),
('74012506162', '1993-06-17', 'Elblag'),
('74013018116', '1993-07-10', 'Koszalin'),
('74020821105', '1993-08-02', 'Krakow'),
('74023074920', '1993-08-25', 'Szczecin'),
('74030233017', '1993-09-17', 'Jelenia Gora'),
('74030676102', '1993-10-10', 'Kielce'),
('74031718461', '1993-11-02', 'Elblag'),
('74032617219', '1993-11-25', 'Warszawa'),
('74040170997', '1993-12-18', 'Krakow'),
('74040736665', '1994-01-10', 'Krakow'),
('74041730453', '1994-02-02', 'Lodz'),
('74043047810', '1994-02-25', 'Rzeszow'),
('74050523109', '1994-03-20', 'Warka'),
('74052463812', '1994-04-12', 'Tychy'),
('74060800706', '1994-05-05', 'Warszawa'),
('74062405411', '1994-05-28', 'Warszawa'),
('74062983807', '1994-06-20', 'Miechow'),
('74070433428', '1994-07-13', 'Krakow'),
('74070641485', '1994-08-05', 'Gdansk'),
('74072656672', '1994-08-28', 'Sopot'),
('74081448211', '1994-09-20', 'Skawina'),
('75011285896', '1994-10-13', 'Zakopane'),
('75011429377', '1994-11-05', 'Zakopane'),
('75011892546', '1994-11-28', 'Zakopane'),
('75012175826', '1994-12-21', 'Zakopane'),
('75012452095', '1995-01-13', 'Krakow'),
('75012799637', '1995-02-05', 'Krakow'),
('75030955523', '1995-02-28', 'Krakow'),
('75041131336', '1995-03-23', 'Warszawa'),
('75052056972', '1995-04-15', 'Warszawa'),
('75052926013', '1995-05-08', 'Warszawa'),
('75062624851', '1995-05-31', 'Warszawa'),
('75071588216', '1995-06-23', 'Warszawa'),
('75081114856', '1995-07-16', 'Bydgoszcz'),
('75082822346', '1995-08-08', 'Poznan'),
('75082824109', '1995-08-31', 'Wroclaw'),
('76020399196', '1995-09-23', 'Sandomierz'),
('76022675847', '1995-10-16', 'Pruszkow'),
('76023158691', '1995-11-08', 'Katowice'),
('76030854522', '1995-12-01', 'Bydgoszcz'),
('76041535021', '1995-12-24', 'Wroclaw'),
('76042378007', '1996-01-16', 'Sandomierz'),
('76043110365', '1996-02-08', 'Katowice'),
('76050723480', '1996-03-02', 'Bydgoszcz'),
('76052385602', '1996-03-25', 'Wroclaw'),
('76052495954', '1996-04-17', 'Sandomierz'),
('76070490328', '1996-05-10', 'Katowice'),
('76072943046', '1996-06-02', 'Bydgoszcz'),
('76081706229', '1996-06-25', 'Wroclaw'),
('76081894436', '1996-07-18', 'Sandomierz'),
('76082229154', '1996-08-10', 'Katowice'),
('76082493795', '1996-09-02', 'Bydgoszcz'),
('76082861730', '1996-09-25', 'Wroclaw'),
('76103098037', '1996-10-18', 'Wyszkow'),
('76113098062', '1996-11-10', 'Elblag'),
('76122675877', '1996-12-03', 'Lodz'),
('77010303090', '1996-12-26', 'Sandomierz'),
('77010957251', '1997-01-18', 'Katowice'),
('77011711562', '1997-02-10', 'Bydgoszcz'),
('77012101115', '1997-03-05', 'Wroclaw'),
('77012130830', '1997-03-28', 'Sandomierz'),
('77012657439', '1997-04-20', 'Poznan'),
('77012657444', '1997-05-13', 'Pruszkow'),
('77012684148', '2013-06-05', 'Katowice'),
('77013193922', '2013-06-28', 'Bydgoszcz'),
('77021111929', '2013-07-21', 'Wroclaw'),
('77030500093', '2013-08-13', 'Sandomierz'),
('77031403944', '2013-09-05', 'Katowice'),
('77033067908', '2013-09-28', 'Bydgoszcz'),
('77042650667', '2013-10-21', 'Wroclaw'),
('77050778029', '2013-11-13', 'Sandomierz'),
('77052633757', '2013-12-06', 'Katowice'),
('77060761983', '2013-12-29', 'Bydgoszcz'),
('77060908511', '2013-01-21', 'Wroclaw'),
('77061816590', '2013-02-13', 'Sandomierz'),
('77080177258', '1998-03-08', 'Katowice'),
('77121098865', '1998-03-31', 'Wyszkow'),
('78010473163', '1998-04-23', 'Bydgoszcz'),
('78012033222', '1998-05-16', 'Wroclaw'),
('78012102298', '1998-06-08', 'Sandomierz'),
('78020322994', '1998-07-01', 'Katowice'),
('78022769951', '1998-07-24', 'Bydgoszcz'),
('78022937527', '1998-08-16', 'Wroclaw'),
('78030619754', '1998-09-08', 'Sandomierz'),
('78040270527', '1998-10-01', 'Katowice'),
('78040380718', '1998-10-24', 'Warszawa'),
('78040766570', '1998-11-16', 'Krakow'),
('78041199586', '1998-12-09', 'Kielce'),
('78052821517', '1999-01-01', 'Kielce'),
('78061467502', '1999-01-24', 'Kielce'),
('78061600937', '1999-02-16', 'Elblag'),
('78062600932', '1999-03-11', 'Lodz'),
('78062657877', '1999-04-03', 'Poznan'),
('78063095875', '1999-04-26', 'Elblag'),
('78070253978', '1999-05-19', 'Szczecin'),
('78072254731', '1999-06-11', 'Kielce'),
('78080413100', '1999-07-04', 'Elblag'),
('78080701069', '1999-07-27', 'Szczecin'),
('78082116285', '1999-08-19', 'Kielce'),
('78082451481', '1999-09-11', 'Elblag'),
('79010262339', '1999-10-04', 'Szczecin'),
('79010465435', '1999-10-27', 'Kielce'),
('79011398491', '1999-11-19', 'Elblag'),
('79012776558', '1999-12-12', 'Pruszkow'),
('79020151742', '2000-01-04', 'Szczecin'),
('79021766553', '2000-01-27', 'Wyszkow'),
('79022009768', '2000-02-19', 'Elblag'),
('79022420734', '2000-03-13', 'Kielce'),
('79022707767', '2013-04-05', 'Lodz'),
('79022776533', '2013-04-28', 'Poznan'),
('79022915915', '2000-05-21', 'Elblag'),
('79030766026', '2000-06-13', 'Szczecin'),
('79030778655', '2000-07-06', 'Pruszkow'),
('79032086953', '2000-07-29', 'Kielce'),
('79032587649', '2000-08-21', 'Wyszkow'),
('79032778615', '2000-09-13', 'Elblag'),
('79032778646', '2000-10-06', 'Lodz'),
('79040112365', '2000-10-29', 'Poznan'),
('79040554576', '2000-11-21', 'Pruszkow'),
('79040749796', '2000-12-14', 'Elblag'),
('79042185950', '2013-01-06', 'Szczecin'),
('79051319881', '2001-01-29', 'Kielce'),
('79051564328', '2001-02-21', 'Elblag'),
('79052009768', '2001-03-16', 'Wyszkow'),
('79052146011', '2001-04-08', 'Szczecin'),
('79052707768', '2001-05-01', 'Elblag'),
('79060821883', '2001-05-24', 'Kielce'),
('79061091566', '2001-06-16', 'Elblag'),
('79061445693', '2001-07-09', 'Koszalin'),
('79062009767', '2001-08-01', 'Lodz'),
('79062664493', '2001-08-24', 'Krakow'),
('79062940890', '2001-09-16', 'Szczecin'),
('79063009468', '2001-10-09', 'Poznan'),
('79072587659', '2001-11-01', 'Pruszkow'),
('79073149299', '2001-11-24', 'Jelenia Gora'),
('79080166623', '2001-12-17', 'Kielce'),
('79092009769', '2002-01-09', 'Wyszkow'),
('79092776545', '2002-02-01', 'Elblag'),
('79100445687', '2002-02-24', 'Lodz'),
('79101010977', '2002-03-19', 'Poznan'),
('79101889775', '2002-04-11', 'Pruszkow'),
('79111590986', '2002-05-04', 'Wyszkow'),
('79112889763', '2002-05-27', 'Elblag'),
('79122889753', '2002-06-19', 'Lodz'),
('80011788546', '2002-07-12', 'Elblag'),
('80012185854', '2002-08-04', 'Koszalin'),
('80013124489', '2002-08-27', 'Krakow'),
('80020643186', '2002-09-19', 'Pruszkow'),
('80021405211', '2002-10-12', 'Wyszkow'),
('80021681109', '2002-11-04', 'Elblag'),
('80022726157', '2002-11-27', 'Lodz'),
('80040646891', '2002-12-20', 'Poznan'),
('80042165110', '2003-01-12', 'Pruszkow'),
('80050214145', '2003-02-04', 'Wyszkow'),
('80051695475', '2003-02-27', 'Elblag'),
('80051770426', '2003-03-22', 'Lodz'),
('80053118781', '2003-04-14', 'Poznan'),
('80053168557', '2003-05-07', 'Pruszkow'),
('80062465997', '2013-05-30', 'Sedziszow'),
('80062480169', '2003-06-22', 'Wyszkow'),
('80062822277', '2013-07-15', 'Elblag'),
('80070324546', '2003-08-07', 'Sedziszow'),
('80070324566', '2003-08-30', 'Sedziszow'),
('80070765593', '2003-09-22', 'Krakow'),
('80072765543', '2003-10-15', 'Warszawa'),
('80072765563', '2003-11-07', 'Krakow'),
('80081291810', '2003-11-30', 'Lodz'),
('80081968930', '2003-12-23', 'Poznan'),
('80082431877', '2004-01-15', 'Pruszkow'),
('81010974091', '2004-02-07', 'Wyszkow'),
('81011159031', '2013-03-01', 'Elblag'),
('81011807736', '2013-03-24', 'Lodz'),
('81011910685', '2004-04-16', 'Sedziszow'),
('81012649315', '2004-05-09', 'Sedziszow'),
('81020799097', '2004-06-01', 'Warszawa'),
('81021384078', '2004-06-24', 'Sedziszow'),
('81021701178', '2004-07-17', 'Krakow'),
('81022050615', '2013-08-09', 'Warszawa'),
('81030555861', '2004-09-01', 'Krakow'),
('81031738113', '2004-09-24', 'Pruszkow'),
('81032816708', '2004-10-17', 'Wyszkow'),
('81040446764', '2004-11-09', 'Elblag'),
('81041210009', '2004-12-02', 'Lodz'),
('81041609812', '2004-12-25', 'Poznan'),
('81042082694', '2005-01-17', 'Pruszkow'),
('81042277655', '2005-02-09', 'Krakow'),
('81042484984', '2005-03-04', 'Wyszkow'),
('81051948358', '2005-03-27', 'Elblag'),
('81052070973', '2005-04-19', 'Lodz'),
('81052178350', '2005-05-12', 'Poznan'),
('81052595917', '2005-06-04', 'Pruszkow'),
('81052879152', '2005-06-27', 'Wyszkow'),
('81053057256', '2005-07-20', 'Elblag'),
('81060188946', '2005-08-12', 'Warszawa'),
('81060856477', '2005-09-04', 'Lodz'),
('81062099545', '2005-09-27', 'Krakow'),
('81062825727', '2005-10-20', 'Poznan'),
('81062879177', '2005-11-12', 'Pruszkow'),
('81070188996', '2005-12-05', 'Warszawa'),
('81082360455', '2005-12-28', 'Wyszkow'),
('81083096052', '2006-01-20', 'Elblag'),
('81102454687', '2013-02-12', 'Krakow'),
('82010271881', '2013-03-07', 'Lodz'),
('82010785395', '2006-03-30', 'Sedziszow'),
('82012583199', '2006-04-22', 'Sedziszow'),
('82021370252', '2006-05-15', 'Sedziszow'),
('82021883604', '2006-06-07', 'Krakow'),
('82022276939', '2006-06-30', 'Warszawa'),
('82030192835', '2013-07-23', 'Warszawa'),
('82030192845', '2006-08-15', 'Opole'),
('82030752968', '2006-09-07', 'Krakow'),
('82030808843', '2013-09-30', 'Krakow'),
('82032296660', '2006-10-23', 'Kielce'),
('82032346679', '2013-11-15', 'Warszawa'),
('82041301001', '2006-12-08', 'Jelenia Gora'),
('82041369274', '2006-12-31', 'Jelenia Gora'),
('82043181962', '2007-01-23', 'Sedziszow'),
('82050929658', '2013-02-15', 'Lodz'),
('82050934731', '2007-03-10', 'Lodz'),
('82051382908', '2007-04-02', 'Warszawa'),
('82052148795', '2007-04-25', 'Wroclaw'),
('82052457375', '2007-05-18', 'Bydgoszcz'),
('82061173187', '2007-06-10', 'Bydgoszcz'),
('82063139769', '2013-07-03', 'Lublin'),
('82070688934', '2013-07-26', 'Wroclaw'),
('82070688964', '2007-08-18', 'Krakow'),
('82070874097', '2007-09-10', 'Liblin'),
('82071595672', '2007-10-03', 'Chelm'),
('82071694142', '2013-10-26', 'Krakow'),
('82072709836', '2013-11-18', 'Warszawa'),
('82072709846', '2007-12-11', 'Opole'),
('82072964907', '2008-01-03', 'Krakow'),
('83080122395', '2008-01-26', 'Wroclaw'),
('83081788913', '2008-02-18', 'Wroclaw'),
('83081788923', '2008-03-12', 'Krakow'),
('84072555426', '2008-04-04', 'Warszawa'),
('84072555466', '2008-04-27', 'Opole'),
('84091751923', '2013-05-20', 'Wroclaw'),
('84091751933', '2013-06-12', 'Wroclaw'),
('84092799822', '2008-07-05', 'Krakow'),
('85102809896', '2008-07-28', 'Warszawa'),
('86070376599', '2008-08-20', 'Opole'),
('86102376554', '2008-09-12', 'Wroclaw'),
('86112376544', '2008-10-05', 'Wroclaw'),
('87080799825', '2008-10-28', 'Krakow'),
('87100488725', '2008-11-20', 'Warszawa'),
('87100788765', '2008-12-13', 'Opole'),
('87121987686', '2009-01-05', 'Wroclaw'),
('88022685902', '2009-01-28', 'Wroclaw'),
('88022685932', '2009-02-20', 'Krakow'),
('88030422354', '2009-03-15', 'Warszawa'),
('88032678854', '2009-04-07', 'Opole'),
('88111299954', '2013-04-30', 'Gdansk'),
('89021744366', '2009-05-23', 'Sopot'),
('89022489744', '2009-06-15', 'Rzeszow'),
('89022908736', '2009-07-08', 'Lublin'),
('89022908766', '2009-07-31', 'Chelm'),
('89040987715', '2013-08-23', 'Krakow'),
('89100899833', '2009-09-15', 'Warszawa'),
('89101774688', '2009-10-08', 'Opole'),
('89121744366', '2009-10-31', 'Gdansk'),
('89121774628', '2009-11-23', 'Sopot'),
('89122009428', '2013-10-16', 'Rzeszow'),
('89122489714', '2013-01-08', 'Lublin'),
('89122589754', '2010-01-31', 'Chelm'),
('89122889704', '2010-02-23', 'Krakow'),
('89123009458', '2010-03-18', 'Warszawa'),
('90010488986', '2010-04-10', 'Opole'),
('90030999826', '2010-05-03', 'Gdansk'),
('90030999856', '2010-05-26', 'Sopot'),
('90051902315', '2010-06-18', 'Rzeszow'),
('90110899884', '2010-07-11', 'Lublin'),
('90112738475', '2010-08-03', 'Chelm'),
('91050687765', '2010-08-26', 'Poznan'),
('91052687735', '2010-09-18', 'Pruszkow'),
('92032487685', '2010-10-11', 'Bydgoszcz'),
('93052768528', '2010-11-03', 'Zielona Gora'),
('93052768598', '2010-11-26', 'Lomza'),
('94082036587', '2010-12-19', 'Krakow'),
('94082778926', '2011-01-11', 'Warszawa'),
('94082778956', '2011-02-03', 'Krakow');

-- --------------------------------------------------------

--
-- Struktura tabeli dla tabeli `mandaty`
--

CREATE TABLE `mandaty` (
  `Pesel` char(11) DEFAULT NULL,
  `data_wyk` date NOT NULL,
  `kod_wyk` int(11) DEFAULT NULL
) ENGINE=InnoDB DEFAULT CHARSET=utf8mb4;

--
-- Zrzut danych tabeli `mandaty`
--

INSERT INTO `mandaty` (`Pesel`, `data_wyk`, `kod_wyk`) VALUES
('48011656289', '2014-04-09', 18),
('53032143221', '2014-01-01', 18),
('50062925171', '2014-01-02', 18),
('60021281905', '2014-01-02', 18),
('81022050615', '2014-01-02', 18),
('80053118781', '2014-01-02', 18),
('48020465470', '2014-01-03', 18),
('60050201073', '2014-01-05', 18),
('60070956944', '2014-02-07', 18),
('61052704540', '2014-03-18', 18),
('89021744366', '2014-05-01', 18),
('77010957251', '2014-05-09', 18),
('62051358846', '2014-05-17', 18),
('66040707105', '2014-01-03', 19),
('81022050615', '2014-01-05', 19),
('78041199586', '2014-02-07', 19),
('81060856477', '2014-03-18', 19),
('47052186876', '2014-05-02', 19),
('55081325955', '2014-05-10', 19),
('82041301001', '2014-05-17', 19),
('53032333871', '2014-01-04', 20),
('78012102298', '2014-01-06', 20),
('81040446764', '2014-02-07', 20),
('78041199586', '2014-03-19', 20),
('49021050432', '2014-05-02', 20),
('79022915915', '2014-05-10', 20),
('79030778655', '2014-05-18', 20),
('79020151742', '2014-01-04', 21),
('53040550895', '2014-01-07', 21),
('70012069658', '2014-02-08', 21),
('51031812876', '2014-03-20', 21),
('62062960669', '2014-05-02', 21),
('80082431877', '2014-05-10', 21),
('56042492334', '2014-05-19', 21),
('47052186876', '2014-01-05', 22),
('60050547348', '2014-01-08', 22),
('54020611490', '2014-02-09', 22),
('54051014059', '2014-03-20', 22),
('79022707767', '2014-05-02', 22),
('62041460045', '2014-05-11', 22),
('66082130060', '2014-05-19', 22),
('76070490328', '2014-01-08', 24),
('60071127932', '2014-02-10', 24),
('80053168557', '2014-03-20', 24),
('82030192845', '2014-05-02', 24),
('75012175826', '2014-05-11', 24),
('62051358846', '2014-05-20', 24),
('81011910685', '2014-01-08', 25),
('76081894436', '2014-02-10', 25),
('48080940272', '2014-03-21', 25),
('89022489744', '2014-05-02', 25),
('82032296660', '2014-05-11', 25),
('77011711562', '2014-05-20', 25),
('70020456516', '2014-01-08', 26),
('81041210009', '2014-02-10', 26),
('61062963757', '2014-03-21', 26),
('55081052660', '2014-05-04', 26),
('55081325955', '2014-05-13', 26),
('82041369274', '2014-05-20', 26),
('50062925171', '2014-01-09', 28),
('78052821517', '2014-02-11', 28),
('81062099545', '2014-03-21', 28),
('70020801408', '2014-01-09', 29),
('79061091566', '2014-02-11', 29),
('54072239147', '2014-03-23', 29),
('48020465470', '2014-01-10', 30),
('54020611490', '2014-02-12', 30),
('78052821517', '2014-03-23', 30),
('73060270296', '2014-12-03', 30),
('60050671713', '2014-12-13', 30),
('66080201887', '2014-12-22', 30),
('74052463812', '2014-12-30', 30),
('53040668053', '2014-01-10', 31),
('74062983807', '2014-02-12', 31),
('46080423256', '2014-03-24', 31),
('52082959989', '2014-12-04', 31),
('73082076855', '2014-12-13', 31),
('74031718461', '2014-12-23', 31),
('66040707105', '2014-12-31', 31),
('78020322994', '2014-01-10', 32),
('46073182890', '2014-02-13', 32),
('61062963757', '2014-03-24', 32),
('51070170625', '2014-05-22', 32),
('82072709836', '2014-05-30', 32),
('82010271881', '2014-06-07', 32),
('60050671713', '2014-12-04', 32),
('66032684427', '2014-12-13', 32),
('60021281905', '2014-12-24', 32),
('74060800706', '2014-09-03', 32),
('70020991785', '2014-01-10', 33),
('51020720139', '2014-02-13', 33),
('81062825727', '2014-03-24', 33),
('56042492334', '2014-05-22', 33),
('56070414962', '2014-05-31', 33),
('81011159031', '2014-06-07', 33),
('73060695660', '2014-12-04', 33),
('73082776855', '2014-12-14', 33),
('74032617219', '2014-12-24', 33),
('78012033222', '2014-12-26', 33),
('88032678854', '2014-09-21', 33),
('80053168557', '2014-01-10', 36),
('60072720653', '2014-02-13', 36),
('46011466970', '2014-03-26', 36),
('75012452095', '2014-05-22', 36),
('77012101115', '2014-05-31', 36),
('82010785395', '2014-06-08', 36),
('82071595672', '2014-07-04', 36),
('75052056972', '2014-07-05', 36),
('79052146011', '2014-07-05', 36),
('81010974091', '2014-07-05', 36),
('47032407216', '2014-07-06', 36),
('57020972316', '2014-07-06', 36),
('78070253978', '2014-07-06', 36),
('63043100652', '2014-07-07', 36),
('82071694142', '2014-07-07', 36),
('89022908736', '2014-07-08', 36),
('57021247282', '2014-07-09', 36),
('79052707768', '2014-07-09', 36),
('89022908766', '2014-07-09', 36),
('52010124205', '2014-07-10', 36),
('63062873269', '2014-07-10', 36),
('82070874097', '2014-07-10', 36),
('63062948422', '2014-07-13', 36),
('63052636623', '2014-07-16', 36),
('49060974720', '2014-07-18', 36),
('84072555426', '2014-07-19', 36),
('63061649331', '2014-07-22', 36),
('63062873269', '2014-07-25', 36),
('48082674845', '2014-07-26', 36),
('67022437717', '2014-07-28', 36),
('57060394750', '2014-07-30', 36),
('84091751923', '2014-07-31', 36),
('67041150695', '2014-08-02', 36),
('85102809896', '2014-08-03', 36),
('67061110749', '2014-08-05', 36),
('86070376599', '2014-08-06', 36),
('58020427974', '2014-08-23', 36),
('69013184895', '2014-08-31', 36),
('69022825875', '2014-09-02', 36),
('69032825807', '2014-09-08', 36),
('58041437527', '2014-09-10', 36),
('58051145351', '2014-09-19', 36),
('69052711577', '2014-09-20', 36),
('69052711577', '2014-09-21', 36),
('82072709846', '2014-09-23', 36),
('58022615384', '2014-09-25', 36),
('64052767917', '2014-09-26', 36),
('79010262339', '2014-09-28', 36),
('77050778029', '2014-09-29', 36),
('58030854177', '2014-10-01', 36),
('70012287342', '2014-10-06', 36),
('46052453908', '2014-10-12', 36),
('70120675819', '2014-10-13', 36),
('49010235558', '2014-10-14', 36),
('50031962161', '2014-10-17', 36),
('47071003349', '2014-10-18', 36),
('71022675598', '2014-10-20', 36),
('71032675523', '2014-10-24', 36),
('59013009470', '2014-10-25', 36),
('71040627344', '2014-10-25', 36),
('79101889775', '2014-10-25', 36),
('81011159031', '2014-10-25', 36),
('64080832953', '2014-10-26', 36),
('71042124658', '2014-10-26', 36),
('92032487685', '2014-10-26', 36),
('79011398491', '2014-10-26', 36),
('71052968118', '2014-10-27', 36),
('59020304760', '2014-10-28', 36),
('71060533751', '2014-10-28', 36),
('77121098865', '2014-12-04', 36),
('60010473250', '2014-12-15', 36),
('81021384078', '2014-12-24', 36),
('60011168304', '2014-12-27', 36),
('80062465997', '2014-10-09', 36),
('60050671713', '2014-01-11', 37),
('81041609812', '2014-02-13', 37),
('54081004691', '2014-03-26', 37),
('79030778655', '2014-05-22', 37),
('90030999826', '2014-05-31', 37),
('50031962161', '2014-06-08', 37),
('63010758879', '2014-06-19', 37),
('79040554576', '2014-06-19', 37),
('82070688964', '2014-06-19', 37),
('49021619936', '2014-06-20', 37),
('57011431132', '2014-06-21', 37),
('80082431877', '2014-06-21', 37),
('62071711090', '2014-06-22', 37),
('67011611290', '2014-06-22', 37),
('77012657439', '2014-06-22', 37),
('82070874097', '2014-06-22', 37),
('82012583199', '2014-06-22', 37),
('47031820856', '2014-06-23', 37),
('79051319881', '2014-06-23', 37),
('57011497877', '2014-06-24', 37),
('89040987715', '2014-07-10', 37),
('79060821883', '2014-07-13', 37),
('75052926013', '2014-07-16', 37),
('57020604385', '2014-07-18', 37),
('81011159031', '2014-07-19', 37),
('84072555466', '2014-07-22', 37),
('77013193922', '2014-07-25', 37),
('57060394750', '2014-07-27', 37),
('84091751923', '2014-07-28', 37),
('67032571100', '2014-07-30', 37),
('47032407216', '2014-08-01', 37),
('79062940890', '2014-08-02', 37),
('78080413100', '2014-08-03', 37),
('77021111929', '2014-08-05', 37),
('52020392377', '2014-08-07', 37),
('68071435985', '2014-08-23', 37),
('78082116285', '2014-08-31', 37),
('88022685902', '2014-09-02', 37),
('88022685902', '2014-09-08', 37),
('69052711577', '2014-09-10', 37),
('69040425451', '2014-09-19', 37),
('76020399196', '2014-09-20', 37),
('89122589754', '2014-09-21', 37),
('70041340238', '2014-09-24', 37),
('70041843991', '2014-09-25', 37),
('70050114156', '2014-09-26', 37),
('80062465997', '2014-09-28', 37),
('82050929658', '2014-09-29', 37),
('70052496496', '2014-10-01', 37),
('52052985806', '2014-10-02', 37),
('81011159031', '2014-10-03', 37),
('48082674845', '2014-10-06', 37),
('70012316491', '2014-10-07', 37),
('64071032276', '2014-10-08', 37),
('70081101879', '2014-10-08', 37),
('82051382908', '2014-10-08', 37),
('52062277807', '2014-10-09', 37),
('70120675818', '2014-10-12', 37),
('80021681109', '2014-10-13', 37),
('71012377596', '2014-10-15', 37),
('64072869277', '2014-10-17', 37),
('71020407397', '2014-10-18', 37),
('84092799822', '2014-10-20', 37),
('71031018607', '2014-10-22', 37),
('49010739731', '2014-10-22', 37),
('52062994373', '2014-10-23', 37),
('64080832953', '2014-10-23', 37),
('71031147039', '2014-10-23', 37),
('76030854522', '2014-10-23', 37),
('93052768528', '2014-10-23', 37),
('50032536884', '2014-10-24', 37),
('79101889775', '2014-12-04', 37),
('73092076849', '2014-12-15', 37),
('53031682600', '2014-12-25', 37),
('74041730453', '2014-12-27', 37),
('80070324546', '2014-10-27', 37),
('81011910685', '2014-01-11', 38),
('48032754766', '2014-02-14', 38),
('76103098037', '2014-03-26', 38),
('49033115660', '2014-05-23', 38),
('50031383814', '2014-05-31', 38),
('46011466970', '2014-06-09', 38),
('75041131336', '2014-06-24', 38),
('50031383814', '2014-06-24', 38),
('62072015643', '2014-06-25', 38),
('82071595672', '2014-06-25', 38),
('52010124205', '2014-06-26', 38),
('49021619936', '2014-06-27', 38),
('57020517254', '2014-06-27', 38),
('79051564328', '2014-06-27', 38),
('62072253999', '2014-06-28', 38),
('82071694142', '2014-06-28', 38),
('57020604385', '2014-06-30', 38),
('63041987576', '2014-07-01', 38),
('79052009768', '2014-07-01', 38),
('82070874097', '2014-07-01', 38),
('50031962161', '2014-07-02', 38),
('52010124205', '2014-07-03', 38),
('57020938389', '2014-07-03', 38),
('77012657444', '2014-07-03', 38),
('46052305496', '2014-07-04', 38),
('49021619936', '2014-07-04', 38),
('63041987576', '2014-07-04', 38),
('48080940272', '2014-07-10', 38),
('82071595672', '2014-07-13', 38),
('82071694142', '2014-07-16', 38),
('48081892851', '2014-07-18', 38),
('78072254731', '2014-07-20', 38),
('52012727116', '2014-07-24', 38),
('79062009767', '2014-07-25', 38),
('67021777827', '2014-07-27', 38),
('46052453908', '2014-07-29', 38),
('52020266689', '2014-07-31', 38),
('49060974720', '2014-08-01', 38),
('80072765543', '2014-08-02', 38),
('49010235558', '2014-08-03', 38),
('63072656867', '2014-08-06', 38),
('67081491310', '2014-08-07', 38),
('63082755819', '2014-08-24', 38),
('58023137386', '2014-09-01', 38),
('69023062143', '2014-09-03', 38),
('47050970431', '2014-09-09', 38),
('53010873595', '2014-09-11', 38),
('79122889753', '2014-09-19', 38),
('82050929658', '2014-09-20', 38),
('47052186876', '2014-09-22', 38),
('90010488986', '2014-09-24', 38),
('90030999826', '2014-09-25', 38),
('82043181962', '2014-09-26', 38),
('48081892851', '2014-09-28', 38),
('80062480169', '2014-09-29', 38),
('76022675847', '2014-10-01', 38),
('64061711864', '2014-10-02', 38),
('58072234744', '2014-10-04', 38),
('58072234744', '2014-10-07', 38),
('76023158691', '2014-10-12', 38),
('64072172748', '2014-10-14', 38),
('52062994373', '2014-10-16', 38),
('71013077280', '2014-10-17', 38),
('59013009470', '2014-10-19', 38),
('71030351925', '2014-10-21', 38),
('66071450180', '2014-11-16', 38),
('72080239786', '2014-11-17', 38),
('59050269271', '2014-11-18', 38),
('72081720313', '2014-11-18', 38),
('79111590986', '2014-11-18', 38),
('73020416836', '2014-11-19', 38),
('66021648856', '2014-12-04', 38),
('78010473163', '2014-12-15', 38),
('66032816415', '2014-12-25', 38),
('66032816415', '2014-12-28', 38),
('80070324566', '2014-11-14', 38),
('80070324566', '2014-04-25', 38),
('80070324546', '2014-01-11', 39),
('54020611490', '2014-02-15', 39),
('51031812876', '2014-03-27', 39),
('62052709603', '2014-05-23', 39),
('62062960669', '2014-06-01', 39),
('56070615011', '2014-06-09', 39),
('49060428878', '2014-07-11', 39),
('77012684148', '2014-07-14', 39),
('52011451034', '2014-07-17', 39),
('47032407216', '2014-07-19', 39),
('57020938389', '2014-07-21', 39),
('57020972316', '2014-07-24', 39),
('84091751923', '2014-07-25', 39),
('75062624851', '2014-07-27', 39),
('67032058465', '2014-07-29', 39),
('63070107099', '2014-07-31', 39),
('67040759741', '2014-08-01', 39),
('63072544100', '2014-08-03', 39),
('67051825097', '2014-08-04', 39),
('67070660543', '2014-08-06', 39),
('75071588216', '2014-08-07', 39),
('88022685932', '2014-08-30', 39),
('69020166819', '2014-09-01', 39),
('79101010977', '2014-09-03', 39),
('69040425451', '2014-09-09', 39),
('64062775711', '2014-09-11', 39),
('89122009428', '2014-09-19', 39),
('89122489714', '2014-09-20', 39),
('58021838845', '2014-09-22', 39),
('82072964907', '2014-09-24', 39),
('83080122395', '2014-09-25', 39),
('83081788913', '2014-09-26', 39),
('64060788139', '2014-09-29', 39),
('70052059536', '2014-09-30', 39),
('80013124489', '2014-10-01', 39),
('70052764984', '2014-10-02', 39),
('70063133210', '2014-10-04', 39),
('79010465435', '2014-10-12', 39),
('71012048184', '2014-10-14', 39),
('58072850731', '2014-10-16', 39),
('80022726157', '2014-10-17', 39),
('71021394867', '2014-10-19', 39),
('77060761983', '2014-10-21', 39),
('50062806261', '2014-12-05', 39),
('60050671713', '2014-12-16', 39),
('74040170997', '2014-12-25', 39),
('74043047810', '2014-12-28', 39),
('80070765593', '2014-12-02', 39),
('80070324566', '2014-01-12', 40),
('78061467502', '2014-02-15', 40),
('61062963757', '2014-03-27', 40),
('81042277655', '2014-05-23', 40),
('81052070973', '2014-06-01', 40),
('47030589952', '2014-06-10', 40),
('57021247282', '2014-07-12', 40),
('57021247282', '2014-07-15', 40),
('79061091566', '2014-07-17', 40),
('63061111360', '2014-07-19', 40),
('79061445693', '2014-07-21', 40),
('49060974720', '2014-07-25', 40),
('67020855216', '2014-07-26', 40),
('63062948422', '2014-07-28', 40),
('79062664493', '2014-07-29', 40),
('67040514269', '2014-07-31', 40),
('57060394750', '2014-08-02', 40),
('67042967171', '2014-08-03', 40),
('57062976626', '2014-08-05', 40),
('79063009468', '2014-08-06', 40),
('49082653548', '2014-08-08', 40),
('86112376544', '2014-08-12', 40),
('46052305496', '2014-08-23', 40),
('68080400280', '2014-08-24', 40),
('80081291810', '2014-08-30', 40),
('64012826252', '2014-09-02', 40),
('53010873595', '2014-09-04', 40),
('64032113198', '2014-09-08', 40),
('75082824109', '2014-09-09', 40),
('69053036196', '2014-09-11', 40),
('64042228989', '2014-09-20', 40),
('48080940272', '2014-09-20', 40),
('70032564155', '2014-09-22', 40),
('53031682600', '2014-09-25', 40),
('50020444537', '2014-09-26', 40),
('70050871037', '2014-09-27', 40),
('70051822032', '2014-09-29', 40),
('80062822277', '2014-09-30', 40),
('80082431877', '2014-10-01', 40),
('82050934731', '2014-10-02', 40),
('70012287342', '2014-10-04', 40),
('58072850731', '2014-10-13', 40),
('84091751933', '2014-10-14', 40),
('71013062824', '2014-10-16', 40),
('84092799822', '2014-10-17', 40),
('64080832953', '2014-10-20', 40),
('80040646891', '2014-10-21', 40),
('59013009470', '2014-10-22', 40),
('73061018659', '2014-12-05', 40),
('74010653859', '2014-12-16', 40),
('66081501146', '2014-12-25', 40),
('76052495954', '2014-12-28', 40),
('80051770426', '2014-12-20', 40),
('53040668053', '2014-01-13', 41),
('80042165110', '2014-02-15', 41),
('79032587649', '2014-03-27', 41),
('50022811333', '2014-05-23', 41),
('90030999856', '2014-06-01', 41),
('62072015643', '2014-06-10', 41),
('68022922131', '2014-08-13', 41),
('59072599516', '2014-12-06', 41),
('79122889753', '2014-12-16', 41),
('80051770426', '2014-12-25', 41),
('81021701178', '2014-12-28', 41),
('80053118781', '2014-01-07', 41),
('80070765593', '2014-01-13', 42),
('60072720653', '2014-02-16', 42),
('81062879177', '2014-03-27', 42),
('81010974091', '2014-05-24', 42),
('75012799637', '2014-06-02', 42),
('82061173187', '2014-06-10', 42),
('47050427223', '2014-08-14', 42),
('73061185364', '2014-12-06', 42),
('66052886517', '2014-12-16', 42),
('46053054085', '2014-12-26', 42),
('88030422354', '2014-12-28', 42),
('80053168557', '2014-01-25', 42),
('60050201073', '2014-01-14', 45),
('81042082694', '2014-02-16', 45),
('48081892851', '2014-03-28', 45),
('56042492334', '2014-05-25', 45),
('81083096052', '2014-06-02', 45),
('77012130830', '2014-06-11', 45),
('52020392377', '2014-08-14', 45),
('76050723480', '2014-12-06', 45),
('74012506162', '2014-12-17', 45),
('50062925171', '2014-12-26', 45),
('74050523109', '2014-12-29', 45),
('80062465997', '2014-02-12', 45),
('78022769951', '2014-01-14', 46),
('81011159031', '2014-02-16', 46),
('74081448211', '2014-03-28', 46),
('62052849084', '2014-05-26', 46),
('56070476895', '2014-06-03', 46),
('79040554576', '2014-06-11', 46),
('57091566457', '2014-08-14', 46),
('80053118781', '2014-12-06', 46),
('76052385602', '2014-12-17', 46),
('74040736665', '2014-12-26', 46),
('60012759556', '2014-12-30', 46),
('80062480169', '2014-03-02', 46),
('81012649315', '2014-01-14', 47),
('54010520609', '2014-02-18', 47),
('80062465997', '2014-03-28', 47),
('79030778655', '2014-05-26', 47),
('79032778646', '2014-06-03', 47),
('51070170625', '2014-06-12', 47),
('68032000728', '2014-08-14', 47),
('65071807152', '2014-11-19', 47),
('69082693845', '2014-01-14', 48),
('60072720653', '2014-02-19', 48),
('55010297573', '2014-03-29', 48),
('81042484984', '2014-05-26', 48),
('81102454687', '2014-06-03', 48),
('56080747096', '2014-06-12', 48),
('79073149299', '2014-08-14', 48),
('70012069658', '2014-01-15', 49),
('78061600937', '2014-02-19', 49),
('80051770426', '2014-03-29', 49),
('90030999856', '2014-05-26', 49),
('62071578176', '2014-06-04', 49),
('49012817288', '2014-06-13', 49),
('49082653548', '2014-08-15', 49),
('51020720139', '2014-01-16', 50),
('81042277655', '2014-02-19', 50),
('62011695163', '2014-03-30', 50),
('90051902315', '2014-05-27', 50),
('81052178350', '2014-06-04', 50),
('62072253999', '2014-06-13', 50),
('63082755819', '2014-08-15', 50),
('53040668053', '2014-01-16', 51),
('79061445693', '2014-02-19', 51),
('81070188996', '2014-03-30', 51),
('47053779598', '2014-05-28', 51),
('82010271881', '2014-06-04', 51),
('75030955523', '2014-06-13', 51),
('68032717574', '2014-08-15', 51),
('80070324546', '2014-01-16', 52),
('51022589789', '2014-02-20', 52),
('78052821517', '2014-03-31', 52),
('56061135034', '2014-05-28', 52),
('51070170625', '2014-06-05', 52),
('82063139769', '2014-06-13', 52),
('86102376554', '2014-08-15', 52),
('78080701069', '2014-08-17', 52),
('48020465470', '2014-01-17', 53),
('48080940272', '2014-02-21', 53),
('55010760572', '2014-04-01', 53),
('90110899884', '2014-05-28', 53),
('81083096052', '2014-06-05', 53),
('57011115436', '2014-06-15', 53),
('68040708094', '2014-08-16', 53),
('63082017070', '2014-08-18', 53),
('65011176126', '2014-10-29', 53),
('71060537519', '2014-10-29', 53),
('79111590986', '2014-10-29', 53),
('93052768528', '2014-10-29', 53),
('52062994373', '2014-10-30', 53),
('71060671512', '2014-10-30', 53),
('49012817288', '2014-10-30', 53),
('47071280795', '2014-10-31', 53),
('80051770426', '2014-11-22', 53),
('60050547348', '2014-01-17', 54),
('54010520609', '2014-02-21', 54),
('62011695163', '2014-04-02', 54),
('51070170625', '2014-05-29', 54),
('49033115660', '2014-06-06', 54),
('79040112365', '2014-06-15', 54),
('77030500093', '2014-08-16', 54),
('68052234215', '2014-08-18', 54),
('50040474996', '2014-10-31', 54),
('59022173641', '2014-10-31', 54),
('71062833682', '2014-10-31', 54),
('65032546119', '2014-11-01', 54),
('71071501439', '2014-11-01', 54),
('77060908511', '2014-11-01', 54),
('94082036587', '2014-11-01', 54),
('71072004832', '2014-11-02', 54),
('79112889763', '2014-11-02', 54),
('73030899030', '2014-11-23', 54),
('81020799097', '2014-01-17', 55),
('76082229154', '2014-02-21', 55),
('81082360455', '2014-04-02', 55),
('62062945583', '2014-05-29', 55),
('56070576888', '2014-06-06', 55),
('63010709806', '2014-06-16', 55),
('80072765563', '2014-08-16', 55),
('75081114856', '2014-08-18', 55),
('77080177258', '2014-11-23', 55),
('80062480169', '2014-01-17', 56),
('61050332084', '2014-02-22', 56),
('51042472562', '2014-04-03', 56),
('81051948358', '2014-05-29', 56),
('81102454687', '2014-06-06', 56),
('82070688934', '2014-06-16', 56),
('57091566457', '2014-08-17', 56),
('79080166623', '2014-08-18', 56),
('79020151742', '2014-11-23', 56),
('80070324566', '2014-01-17', 59),
('81042484984', '2014-02-22', 59),
('48082674845', '2014-04-04', 59),
('90112738475', '2014-05-29', 59),
('62071711090', '2014-06-07', 59),
('50022811333', '2014-06-16', 59),
('68043054666', '2014-08-17', 59),
('86112376544', '2014-08-18', 59),
('59031732352', '2014-11-03', 59),
('79122889753', '2014-11-06', 59),
('65041986739', '2014-11-10', 59),
('72051646698', '2014-11-13', 59),
('49031259672', '2014-11-23', 59),
('47052983237', '2014-01-18', 60),
('74070433428', '2014-02-23', 60),
('55022400688', '2014-04-04', 60),
('49033115660', '2014-05-30', 60),
('79040112365', '2014-06-07', 60),
('57011203957', '2014-06-18', 60),
('71072192667', '2014-11-03', 60),
('50042299595', '2014-11-07', 60),
('72022265080', '2014-11-10', 60),
('91052687735', '2014-11-13', 60),
('78022937527', '2014-01-18', 61),
('78062600932', '2014-02-23', 61),
('79032587649', '2014-04-04', 61),
('79032778615', '2014-05-30', 61),
('82052457375', '2014-06-07', 61),
('52012727116', '2014-06-19', 61),
('76041535021', '2014-11-03', 61),
('65032546119', '2014-11-07', 61),
('80011788546', '2014-11-10', 61),
('50042299595', '2014-11-14', 61),
('79021766553', '2014-01-18', 62),
('54050323909', '2014-02-24', 62),
('61081265593', '2014-04-05', 62),
('65032546119', '2014-11-04', 62),
('72011492264', '2014-11-07', 62),
('91050687765', '2014-11-10', 62),
('72060737114', '2014-11-14', 62),
('80070765593', '2014-01-18', 63),
('81011807736', '2014-02-24', 63),
('81042277655', '2014-04-05', 63),
('71073028725', '2014-11-04', 63),
('91050687765', '2014-11-07', 63),
('72023178170', '2014-11-11', 63),
('76042378007', '2014-11-14', 63),
('80062465997', '2014-01-18', 64),
('61052704540', '2014-02-25', 64),
('81011159031', '2014-04-05', 64),
('77052633757', '2014-10-10', 64),
('94082778926', '2014-11-04', 64),
('49021050432', '2014-11-07', 64),
('59032703780', '2014-11-12', 64),
('79101889775', '2014-11-14', 64),
('53032143221', '2014-01-19', 65),
('81051948358', '2014-02-25', 65),
('46082878948', '2014-04-06', 65),
('64071194501', '2014-10-11', 65),
('71073149125', '2014-11-05', 65),
('72012228981', '2014-11-08', 65),
('72032080972', '2014-11-12', 65),
('59050269271', '2014-11-15', 65),
('70100775818', '2014-10-11', 67),
('46052305496', '2014-11-06', 67),
('81011807736', '2014-11-08', 67),
('77061816590', '2014-11-12', 67),
('72062815890', '2014-11-15', 67),
('76072943046', '2014-01-19', 67),
('46080423256', '2014-02-26', 67),
('76113098062', '2014-04-06', 67),
('53010873595', '2014-11-06', 67),
('59032703780', '2014-11-09', 67),
('47071280795', '2014-11-13', 67),
('49021619936', '2014-11-15', 67),
('69082693845', '2014-01-19', 68),
('51030275258', '2014-02-27', 68),
('55023185319', '2014-04-07', 68),
('59032703780', '2014-11-06', 68),
('72012974929', '2014-11-09', 68),
('53010873595', '2014-11-13', 68),
('65051837999', '2014-11-16', 68),
('60050671713', '2014-01-20', 69),
('54050323909', '2014-02-27', 69),
('61081265593', '2014-04-08', 69),
('72010715166', '2014-11-06', 69),
('79012776558', '2014-11-09', 69),
('65042219946', '2014-11-13', 69),
('72071493551', '2014-11-16', 69),
('81021384078', '2014-01-20', 79),
('78062657877', '2014-02-27', 79),
('75011285896', '2014-04-08', 79),
('70012069658', '2014-01-20', 81),
('79052707768', '2014-02-27', 81),
('79040749796', '2014-04-08', 81),
('80070324546', '2014-01-21', 82),
('48070903616', '2014-02-28', 82),
('81042484984', '2014-04-08', 82),
('53032143221', '2014-01-22', 84),
('61021810933', '2014-02-28', 84),
('51042472562', '2014-04-10', 84),
('57062976626', '2014-08-08', 84),
('86102376554', '2014-08-09', 84),
('68021942220', '2014-08-11', 84),
('87121987686', '2014-08-24', 84),
('79092776545', '2014-08-26', 84),
('82043181962', '2014-09-17', 84),
('66080201887', '2014-11-19', 84),
('78030619754', '2014-01-22', 85),
('81052070973', '2014-02-28', 85),
('55032120431', '2014-04-10', 85),
('67082189504', '2014-08-08', 85),
('68011651046', '2014-08-10', 85),
('49010739731', '2014-08-11', 85),
('68081414545', '2014-08-25', 85),
('47050427223', '2014-08-27', 85),
('89121744366', '2014-09-17', 85),
('52081491415', '2014-11-20', 85),
('80070324566', '2014-01-22', 86),
('46011466970', '2014-03-01', 86),
('49010235558', '2014-04-11', 86),
('63082017070', '2014-08-09', 86),
('79072587659', '2014-08-10', 86),
('63082096806', '2014-08-12', 86),
('68052425538', '2014-08-19', 86),
('58021838845', '2014-08-26', 86),
('64012826252', '2014-08-27', 86),
('53031682600', '2014-09-18', 86),
('73020854438', '2014-11-20', 86),
('51020720139', '2014-01-23', 87),
('80050214145', '2014-03-01', 87),
('62011695163', '2014-04-11', 87),
('68010959879', '2014-08-09', 87),
('57091566457', '2014-08-11', 87),
('68022790617', '2014-08-12', 87),
('49012817288', '2014-08-19', 87),
('68081903379', '2014-08-26', 87),
('69010302292', '2014-08-27', 87),
('69032825807', '2014-09-18', 87),
('50042299595', '2014-11-21', 87),
('60050201073', '2014-01-23', 89),
('54042703946', '2014-03-02', 89),
('81051948358', '2014-04-11', 89),
('81021701178', '2014-01-23', 93),
('61050332084', '2014-03-03', 93),
('79042185950', '2014-04-12', 93),
('80070765593', '2014-01-23', 94),
('78063095875', '2014-03-03', 94),
('80053118781', '2014-04-12', 94),
('48080940272', '2014-01-24', 95),
('81052178350', '2014-03-03', 95),
('55032120431', '2014-04-13', 95),
('53032143221', '2014-01-25', 124),
('76082493795', '2014-03-04', 124),
('81011807736', '2014-04-13', 124),
('70052059536', '2014-09-15', 124),
('58051001785', '2014-09-16', 124),
('89122889704', '2014-09-22', 124),
('82043181962', '2014-09-23', 124),
('80012185854', '2014-09-27', 124),
('81010974091', '2014-10-02', 124),
('47052983237', '2014-10-05', 124),
('70012287342', '2014-10-05', 124),
('70071994416', '2014-10-07', 124),
('80021405211', '2014-10-09', 124),
('60050547348', '2014-01-26', 125),
('80051770426', '2014-03-04', 125),
('62011655277', '2014-04-14', 125),
('79112889763', '2014-09-15', 125),
('70052496496', '2014-09-16', 125),
('80070765593', '2014-09-22', 125),
('80082431877', '2014-09-27', 125),
('50022811333', '2014-10-03', 125),
('64062775711', '2014-10-05', 125),
('70081560959', '2014-10-09', 125),
('50031383814', '2014-10-10', 125),
('78040270527', '2014-01-26', 126),
('54042703946', '2014-03-05', 126),
('81052070973', '2014-04-14', 126),
('89100899833', '2014-09-15', 126),
('89101774688', '2014-09-16', 126),
('64051797696', '2014-09-23', 126),
('83081788923', '2014-09-27', 126),
('70062507795', '2014-10-03', 126),
('70063159731', '2014-10-05', 126),
('58072850731', '2014-10-10', 126),
('70082516713', '2014-10-10', 134),
('81022050615', '2014-01-26', 134),
('51030558874', '2014-03-06', 134),
('60050201073', '2014-04-15', 134),
('77031403944', '2014-08-27', 134),
('58030854177', '2014-09-04', 134),
('79111590986', '2014-09-11', 134),
('79052707768', '2014-01-26', 138),
('61052704540', '2014-03-06', 138),
('55032120431', '2014-04-16', 138),
('88022685902', '2014-08-27', 138),
('69030168539', '2014-09-04', 138),
('88022685932', '2014-09-11', 138),
('53082515548', '2014-01-28', 139),
('74070641485', '2014-03-06', 139),
('78052821517', '2014-04-16', 139),
('49021050432', '2014-08-27', 139),
('49021619936', '2014-09-04', 139),
('49082392869', '2014-09-12', 139),
('60050671713', '2014-01-29', 143),
('81052595917', '2014-03-06', 143),
('51042472562', '2014-04-17', 143),
('57101566451', '2014-08-20', 143),
('52012727116', '2014-08-28', 143),
('49082392869', '2014-09-05', 143),
('69061323804', '2014-09-12', 143),
('46052453908', '2014-09-17', 143),
('77042650667', '2014-09-18', 143),
('81030555861', '2014-01-29', 147),
('48070903616', '2014-03-07', 147),
('62011655277', '2014-04-17', 147),
('68062446765', '2014-08-20', 147),
('69010552499', '2014-08-28', 147),
('64021933695', '2014-09-05', 147),
('49031259672', '2014-09-12', 147),
('64071194501', '2014-09-17', 147),
('89121774628', '2014-09-18', 147),
('51020542232', '2014-01-30', 148),
('78040270527', '2014-03-07', 148),
('76122675877', '2014-04-17', 148),
('52012727116', '2014-08-21', 148),
('49082392869', '2014-08-29', 148),
('69030536239', '2014-09-05', 148),
('58042112180', '2014-09-13', 148),
('70052764984', '2014-09-17', 148),
('49082653548', '2014-09-19', 148),
('76081706229', '2014-01-30', 149),
('79060821883', '2014-03-07', 149),
('81052178350', '2014-04-17', 149),
('63082096806', '2014-08-21', 149),
('58022615384', '2014-08-29', 149),
('88022685932', '2014-09-05', 149),
('69070691165', '2014-09-13', 149),
('47071280795', '2014-11-26', 149),
('78040380718', '2014-01-30', 150),
('54050323909', '2014-03-08', 150),
('49010739731', '2014-04-18', 150),
('68062671725', '2014-08-21', 150),
('69012637165', '2014-08-29', 150),
('69032114200', '2014-09-06', 150),
('80081968930', '2014-09-13', 150),
('73042355588', '2014-11-26', 150),
('47052983237', '2014-01-31', 152),
('61081265593', '2014-03-09', 152),
('46083050756', '2014-04-19', 152),
('87100788765', '2014-08-21', 152),
('75082822346', '2014-08-29', 152),
('58033066128', '2014-09-07', 152),
('64071032276', '2014-09-14', 152),
('79122889753', '2014-11-26', 152),
('60050201073', '2014-12-07', 152),
('48032154528', '2014-01-31', 153),
('81052879152', '2014-03-09', 153),
('55081052660', '2014-04-19', 153),
('49082653548', '2014-08-22', 153),
('64021933695', '2014-08-30', 153),
('69032195977', '2014-09-07', 153),
('69071605291', '2014-09-14', 153),
('52081917351', '2014-11-27', 153),
('73062212304', '2014-12-07', 153),
('53082515548', '2014-01-31', 154),
('46080423256', '2014-03-11', 154),
('75011429377', '2014-04-19', 154),
('68063174647', '2014-08-22', 154),
('69013075070', '2014-08-30', 154),
('77033067908', '2014-09-07', 154),
('87100488725', '2014-09-14', 154),
('59050332838', '2014-11-27', 154),
('66030685027', '2014-12-07', 154),
('81011807736', '2014-12-17', 154),
('80062822277', '2014-01-31', 155),
('54051014059', '2014-03-11', 155),
('46011466970', '2014-04-20', 155),
('79092009769', '2014-08-22', 155),
('79100445687', '2014-08-30', 155),
('79101889775', '2014-09-07', 155),
('78082451481', '2014-09-14', 155),
('73042942423', '2014-11-27', 155),
('79021766553', '2014-12-07', 155),
('53013041854', '2014-12-18', 155),
('69082693845', '2014-01-31', 156),
('78040380718', '2014-03-11', 156),
('62011655277', '2014-04-20', 156),
('50062806261', '2014-11-28', 156),
('73062715630', '2014-12-08', 156),
('60011168304', '2014-12-18', 156),
('60061865589', '2014-02-01', 157),
('61081473918', '2014-03-12', 157),
('79032587649', '2014-04-20', 157),
('60050201073', '2014-11-28', 157),
('79111590986', '2014-12-08', 157),
('74013018116', '2014-12-18', 157),
('74062405411', '2014-02-01', 158),
('60050671713', '2014-03-12', 158),
('82021370252', '2014-04-20', 158),
('73050412326', '2014-11-28', 158),
('48010504088', '2014-12-09', 158),
('50062806261', '2014-12-19', 158),
('81031738113', '2014-02-01', 159),
('81053057256', '2014-03-12', 159),
('80051770426', '2014-04-21', 159),
('94082778926', '2014-11-28', 159),
('59072599516', '2014-12-09', 159),
('60050201073', '2014-12-19', 159),
('80042165110', '2014-02-01', 162),
('80053118781', '2014-03-12', 162),
('55010760572', '2014-04-22', 162),
('59050332838', '2014-11-21', 162),
('59050332838', '2014-11-24', 162),
('73050512356', '2014-11-29', 162),
('73071007694', '2014-12-09', 162),
('74020821105', '2014-12-19', 162),
('54010520609', '2014-02-03', 163),
('51031812876', '2014-03-13', 163),
('62011695163', '2014-04-23', 163),
('73022098738', '2014-11-21', 163),
('73033158745', '2014-11-24', 163),
('59071769949', '2014-11-30', 163),
('81011159031', '2014-12-09', 163),
('66071450180', '2014-12-19', 163),
('78040766570', '2014-02-03', 164),
('48070903616', '2014-03-14', 164),
('82021883604', '2014-04-23', 164),
('77010303090', '2014-04-28', 164),
('62071578176', '2014-05-05', 164),
('62051358846', '2014-05-14', 164),
('60050547348', '2014-11-22', 164),
('60050671713', '2014-11-25', 164),
('73051384236', '2014-11-30', 164),
('60050547348', '2014-12-10', 164),
('74023074920', '2014-12-20', 164),
('79060821883', '2014-02-03', 165),
('54051014059', '2014-03-14', 165),
('51042803935', '2014-04-24', 165),
('79022420734', '2014-04-28', 165),
('82030752968', '2014-05-05', 165),
('79030766026', '2014-05-14', 165),
('73029098768', '2014-11-22', 165),
('73040156761', '2014-11-25', 165),
('80011788546', '2014-11-30', 165),
('73071550642', '2014-12-10', 165),
('80011788546', '2014-12-20', 165),
('46011466970', '2014-02-04', 166),
('61050332084', '2014-03-15', 166),
('79022009768', '2014-04-24', 166),
('62062945583', '2014-04-29', 166),
('79022776533', '2014-05-06', 166),
('82032346679', '2014-05-14', 166),
('89123009458', '2014-09-23', 166),
('70070304333', '2014-10-06', 166),
('79112889763', '2014-11-22', 166),
('76043110365', '2014-11-25', 166),
('46052453908', '2014-12-01', 166),
('66030873771', '2014-12-10', 166),
('80053168557', '2014-12-20', 166),
('80062822277', '2014-03-20', 166),
('60061865589', '2014-02-04', 167),
('76082861730', '2014-03-15', 167),
('49012817288', '2014-04-25', 167),
('82030192835', '2014-04-29', 167),
('55081325955', '2014-05-07', 167),
('46011466970', '2014-05-15', 167),
('66081501146', '2014-11-22', 167),
('94082036587', '2014-11-25', 167),
('60050547348', '2014-12-01', 167),
('53010873595', '2014-12-11', 167),
('60012759556', '2014-12-21', 167),
('80070324546', '2014-04-07', 167),
('81032816708', '2014-02-04', 174),
('78040766570', '2014-03-15', 174),
('55072966835', '2014-04-25', 174),
('80053118781', '2014-04-29', 174),
('80053168557', '2014-05-07', 174),
('47052983237', '2014-05-15', 174),
('73052776846', '2014-12-01', 174),
('73071683368', '2014-12-11', 174),
('74030233017', '2014-12-21', 174),
('51020542232', '2014-02-06', 184),
('81060188946', '2014-03-15', 184),
('62011934271', '2014-04-26', 184),
('75011892546', '2014-04-30', 184),
('51060797230', '2014-05-08', 184),
('51060797230', '2014-05-15', 184),
('94082778956', '2014-12-01', 184),
('50062806261', '2014-12-12', 184),
('79012776558', '2014-12-21', 184),
('54012409115', '2014-02-06', 186),
('80051695475', '2014-03-15', 186),
('82022276939', '2014-04-26', 186),
('88111299954', '2014-04-30', 186),
('62071711090', '2014-05-08', 186),
('80062465997', '2014-05-15', 186),
('81010974091', '2014-12-01', 186),
('60010277045', '2014-12-12', 186),
('48010504088', '2014-12-22', 186),
('66040707105', '2014-02-06', 188),
('54051014059', '2014-03-17', 188),
('80053168557', '2014-04-26', 188),
('51042803935', '2014-05-01', 188),
('82030808843', '2014-05-08', 188),
('49031259672', '2014-05-16', 188),
('70041258386', '2014-09-23', 188),
('58023137386', '2014-09-28', 188),
('80020643186', '2014-10-05', 188),
('81010974091', '2014-10-11', 188),
('73060123990', '2014-12-02', 188),
('73071962089', '2014-12-12', 188),
('66032816415', '2014-12-22', 188),
('48032154528', '2014-02-07', 190),
('74072656672', '2014-03-17', 190),
('55072966835', '2014-04-28', 190),
('55080281557', '2014-05-01', 190),
('49021619936', '2014-05-09', 190),
('56070576888', '2014-05-16', 190),
('80011788546', '2014-09-23', 190),
('70051437179', '2014-09-28', 190),
('82051382908', '2014-10-05', 190),
('84092799822', '2014-10-11', 190),
('59072599516', '2014-12-03', 190),
('79112889763', '2014-12-12', 190),
('74030676102', '2014-12-22', 190);

-- --------------------------------------------------------

--
-- Struktura tabeli dla tabeli `wykroczenia`
--

CREATE TABLE `wykroczenia` (
  `kod_wyk` int(11) NOT NULL,
  `nazwa` varchar(300) NOT NULL,
  `mandat` int(11) NOT NULL,
  `punkty` int(11) NOT NULL
) ENGINE=InnoDB DEFAULT CHARSET=utf8mb4;

--
-- Zrzut danych tabeli `wykroczenia`
--

INSERT INTO `wykroczenia` (`kod_wyk`, `nazwa`, `mandat`, `punkty`) VALUES
(18, 'Zajmowanie wiecej niz jednego, wyznaczonego na jezdni, pasa ruchu', 150, 8),
(19, 'Naruszenie obowiazku poruszania sie po poboczu przez kierujacego pojazdem', 100, 4),
(20, 'Nieustapienie miejsca nadjezdzajacemu pojazdowi szynowemu przez kierujacego pojazdem', 250, 5),
(21, 'Niekorzystanie z pasow bezpieczenstwa podczas jazdy', 100, 3),
(22, 'Przewozenie dziecka w pojezdzie  poza fotelikiem ochronnym lub innym urzadzeniem do przewozenia dzieci', 150, 3),
(24, 'Kierowanie pojazdem przewozacym pasazerow niekorzystajacych z pasow bezpieczenstwa', 100, 3),
(25, 'Nieuzywanie helmu ochronnego przez kierujacego motocyklem lub motorowerem', 100, 5),
(26, 'Kierowanie motocyklem lub motorowerem przewozacym pasazerow nieuzywajacych helmu ochronnego', 100, 5),
(28, 'Korzystanie podczas jazdy z telefonu wymagajace trzymania sluchawki lubmikrofonu w reku przez kierujacego pojazdem', 200, 5),
(29, 'Wjezdzanie na pas miedzy jezdniami', 100, 5),
(30, 'Niedopelnienie obowiazkow przez uczestnikow wypadku poprzez nieusuniecie pojazdu z miejsca wypadku, w ktorym nie bylo zabitego lub rannego', 150, 5),
(31, 'Nieuzywanie elementow odblaskowych w sposob widoczny dla innych uczestnikow ruchu przez osobe wykonujaca roboty lub inne czynnosci na drodze', 150, 3),
(32, 'Brak oznaczenia lub niewlasciwe oznaczenie pojazdow do nauki jazdy lub przeprowadzania egzaminu panstwowego', 300, 7),
(33, 'Nieustapienie pierwszenstwa innemu pojazdowi lub uczestnikowi ruchu podczas wlaczania sie do ruchu', 300, 8),
(36, 'Przekroczenie dopuszczalnej predkosci do 10 km/h', 50, 2),
(37, 'Przekroczenie dopuszczalnej predkosci o 11 - 20 km/h', 100, 3),
(38, 'Przekroczenie dopuszczalnej predkosci o 21 - 30 km/h', 200, 5),
(39, 'Przekroczenie dopuszczalnej predkosci o 31 - 40 km/h', 300, 7),
(40, 'Przekroczenie dopuszczalnej predkosci o 41 - 50 km/h', 400, 8),
(41, 'Przekroczenie dopuszczalnej predkosci o ponad 51 km/h', 500, 10),
(42, 'Jazda z predkoscia utrudniajaca ruch innym kierujacym', 100, 5),
(45, 'Przekroczenie indywidualnie okreslonej dopuszczalnej predkosci dla danego pojazdu', 150, 3),
(46, 'Zawracanie w warunkach, w ktorych mogloby to zagrazac bezpieczenstwu ruchu lub ruch ten utrudnic', 200, 5),
(47, 'Zawracanie w tunelach, na mostach i wiaduktach oraz na drogach jednokierunkowych', 200, 5),
(48, 'Utrudnianie lub tamowanie ruchu poprzez brak lub bledne sygnalizowanie manewru', 200, 5),
(49, 'Nieodpowiednie ustawienie pojazdu na jezdni przed skreceniem', 150, 4),
(50, 'Nieustapienie pierwszenstwa przez kierujacego pojazdem zmieniajacego zajmowany pas ruchu', 250, 6),
(51, 'Omijanie pojazdu, ktory jechal w tym samym kierunku, lecz zatrzymal sie w celu ustapienia pierwszenstwa pieszemu', 500, 10),
(52, 'Omijanie pojazdu oczekujacego na otwarcie ruchu przez przejazd kolejowy ', 250, 5),
(53, 'Utrudnianie ruchu podczas cofania', 100, 3),
(54, 'Naruszenie zakazow cofania w tunelach, na mostach i wiaduktach', 200, 4),
(55, 'Wyprzedzanie na przejsciach dla pieszych lub bezposrednio przed nimi', 200, 5),
(56, 'Wyprzedzanie na przejazdach dla rowerzystow lub bezposrednio przed nimi', 200, 5),
(59, 'Naruszenie zakazu wyprzedzania pojazdu silnikowego przy dojezdzaniu do wierzcholka wzniesienia', 300, 6),
(60, 'Naruszenie zakazu wyprzedzania na zakretach oznaczonych znakami ostrzegawczymi', 300, 6),
(61, 'Naruszenie zakazu wyprzedzania na skrzyzowaniach', 300, 6),
(62, 'Wyprzedzanie na przejazdach kolejowych albo tramwajowych ', 300, 6),
(63, 'Wyprzedzanie z niewlasciwej strony', 200, 5),
(64, 'Wyprzedzanie bez zachowania bezpiecznego odstepu od wyprzedzanego pojazdu lub uczestnika ruchu', 300, 6),
(65, 'Zwiekszanie predkosci przez kierujacego pojazdem wyprzedzanym', 350, 8),
(67, 'Wyprzedzanie pojazdu uprzywilejowanego na obszarze zabudowanym', 300, 10),
(68, 'Nieustapienie przez kierujacego pojazdem pierwszenstwa pieszym znajdujacym sie na przejsciu', 350, 10),
(69, 'Nieustapienie przez kierujacego pojazdem pierwszenstwa na skrzyzowaniu pieszym przy skrecaniu w droge poprzeczna', 350, 7),
(79, 'Jazda wzdluz po chodniku lub przejsciu dla pieszych pojazdem silnikowym', 250, 6),
(81, 'Naruszenie przez kierujacego zakazu wjezdzania na skrzyzowanie, jesli na skrzyzowaniu lub za nim nie ma miejsca do kontynuowania jazdy', 300, 8),
(82, 'Niewlaczenie przez kierujacego pojazdem wymaganych swiatel w czasie jazdy ', 200, 5),
(84, 'Naduzywanie sygnalow dzwiekowych lub swietlnych', 100, 3),
(85, 'Uzywanie sygnalow dzwiekowych na obszarze zabudowanym', 100, 3),
(86, 'Uzywanie tylnych swiatel przeciwmglowych przy normalnej przejrzystosci powietrza', 100, 3),
(87, 'Holowanie pojazdu, ktorego kierujacy nie ma wymaganych uprawnien do kierowania tym pojazdem', 250, 5),
(89, 'Holowanie pojazdem z przyczepa (naczepa)', 250, 5),
(93, 'Niewlaczenie w pojezdzie holujacym swiatel mijania', 100, 3),
(94, 'Nieprawidlowe polaczenie pojazdu holowanego z holujacym', 150, 5),
(95, 'Brak lub niewlasciwe oznaczenie pojazdu holowanego', 150, 5),
(124, 'Naruszenie zakazu zawracania na autostradzie lub drodze ekspresowej', 300, 8),
(125, 'Cofanie na autostradzie lub drodze ekspresowej', 300, 8),
(126, 'Wjazd na autostrade lub droge ekspresowa pojazdem, dla ruchu ktorego drogi te nie sa przeznaczone', 250, 5),
(134, 'Zatrzymywanie pojazdu w tunelu, na moscie lub na wiadukcie', 200, 5),
(138, 'Zatrzymywanie pojazdu przy lewej krawedzi jezdni', 100, 3),
(139, 'Zatrzymywanie pojazdu na pasie miedzy jezdniami', 100, 3),
(143, 'Brak sygnalizowania lub niewlasciwe sygnalizowanie postoju pojazdu z powodu uszkodzenia lub wypadku', 150, 4),
(147, 'Naruszenie zakazu postoju w miejscach utrudniajacych wjazd lub wyjazd', 100, 5),
(148, 'Naruszenie zakazu postoju w miejscach utrudniajacych dostep do innego prawidowo zaparkowanego pojadu', 100, 3),
(149, 'Naruszenie zakazu postoju przed lub za przejazdem kolejowym', 100, 5),
(150, 'Naruszenie zakazu postoju w strefie zamieszkania w miejscach innych niz wyznaczone', 100, 3),
(152, 'Jazda bez wymaganych swiatel od zmierzchu do switu', 200, 5),
(153, 'Jazda bez wymaganych swiatel od switu do zmierzchu', 100, 3),
(154, 'Jazda bez wymaganych swiatel pojazdami niewyposazonymi w swiatla mijania, drogowe lub do jazdy dziennej', 100, 3),
(155, 'Jazda bez wymaganych przepisami swiatel w tunelu, niezaleznie od pory doby', 200, 5),
(156, 'Nieuzywanie wymaganego oswietlenia podczas zatrzymania lub postoju w warunkach niedostatecznej widocznosci', 300, 5),
(157, 'Korzystanie ze swiatel drogowych w sposob niezgodny z przepisami', 200, 4),
(158, 'Naruszenie warunkow dopuszczalnosci uzywania przednich swiatel przeciwmglowych', 100, 3),
(159, 'Uzywanie szperacza podczas jazdy', 100, 3),
(162, 'Zakrywanie swiatel oraz urzadzen sygnalizacyjnych', 200, 5),
(163, 'Zakrywanie tablic rejestracyjnych', 100, 5),
(164, 'Oddalenie sie kierujacego od pojazdu, gdy silnik jest w ruchu', 50, 3),
(165, 'Uzywanie opon z umieszczonymi w nich na trwale elementami przeciwslizgowymi', 100, 3),
(166, 'Uzywanie lancuchow przeciwslizgowych na oponach na drodze niepokrytej sniegiem', 100, 3),
(167, 'Wjezdzanie miedzy jadace w kolumnie rowery jednosladowe', 200, 8),
(174, 'Bezpodstawne uzywanie zoltego sygnalu blyskowego', 100, 3),
(184, 'Naruszenie przepisow o przewozie ladunkow sypkich', 150, 3),
(186, 'Przewoz osob pojazdem nieprzeznaczonym lub nieprzystosowanym do tego celu', 500, 8),
(188, 'Naruszenie warunkow przewozu osob w przyczepach', 150, 5),
(190, 'W czasie jazdy naruszenie zakazu palenia tytoniu lub spozywania pokarmow.', 50, 2);

--
-- Indeksy dla zrzutw tabel
--

--
-- Indeksy dla tabeli `kierowcy`
--
ALTER TABLE `kierowcy`
  ADD PRIMARY KEY (`pesel`);

--
-- Indeksy dla tabeli `mandaty`
--
ALTER TABLE `mandaty`
  ADD KEY `Pesel` (`Pesel`),
  ADD KEY `kod_wyk` (`kod_wyk`);

--
-- Indeksy dla tabeli `wykroczenia`
--
ALTER TABLE `wykroczenia`
  ADD PRIMARY KEY (`kod_wyk`);

--
-- Ograniczenia dla zrzutw tabel
--

--
-- Ograniczenia dla tabeli `mandaty`
--
ALTER TABLE `mandaty`
  ADD CONSTRAINT `mandaty_ibfk_1` FOREIGN KEY (`Pesel`) REFERENCES `kierowcy` (`pesel`),
  ADD CONSTRAINT `mandaty_ibfk_2` FOREIGN KEY (`kod_wyk`) REFERENCES `wykroczenia` (`kod_wyk`);
COMMIT;

/*!40101 SET CHARACTER_SET_CLIENT=@OLD_CHARACTER_SET_CLIENT */;
/*!40101 SET CHARACTER_SET_RESULTS=@OLD_CHARACTER_SET_RESULTS */;
/*!40101 SET COLLATION_CONNECTION=@OLD_COLLATION_CONNECTION */;
